TIMESTAMP,RECORD,BP_mmHg_Avg,WS_ms_S_WVT,WindDir_D1_WVT,WindDir_SD1_WVT,Rain_mm_Tot,RH,SlrW_Avg,SlrMJ_Tot,UV_Avg,AirTF_Avg
5/4/2017  ,10,763.3,0.966,268.3,52.39,0,17.94,443,1.329078,72.99,77.18
5/5/2017  ,144,757.5,3.114,223.2,40.58,0,19.06,695.5,2.086399,140,81.86
5/6/2017  ,285,754.4,2.692,181.8,28.24,0,24.76,653,1.958939,128,76.44200000000001
5/7/2017  ,425,757.8,1.456,264.5,42.26,0,55.04,618.6,1.855863,140.2,62.438
5/8/2017  ,586,759.1,1.151,271.2,45.89,0,31.8,406.7,1.21998,68.96,69.926
5/9/2017  ,719,758.5,2.349,177.2,37.48,0,28.2,617.3,1.851848,121.4,70.25
5/10/2017 ,874,759.2,1.043,208.1,87.7,0,18.61,453.4,1.360193,74.95,74.498
5/11/2017 ,1009,760.9,3.261,218.9,30.53,0,19.34,601.6,1.804913,119,77.972
5/12/2017 ,1162,752.2,5.564,193.9,20.57,0,21.45,437.5,1.312506,63.48,79.25
5/13/2017 ,1305,757.6,5.063,204.4,17.87,0,24.02,503.8,1.511273,87.2,52.376
5/14/2017 ,1450,756.5,1.778,319.8,57.16,0,24.3,470,1.410004,73.22,59.45
5/15/2017 ,1592,755,2.891,183,26.79,0,31.05,501.1,1.503289,86.6,61.538
5/16/2017 ,1710,753.4,4.183,220.4,29.31,0,27.04,1088,3.264452,217.4,59.612
5/17/2017 ,1887,757.3,0.852,349.6,57.4,0,37.81,181.5,0.5445077,35.42,46.418
5/18/2017 ,2019,760.3,4.017,35,27.3,0,41.92,622.1,1.866278,115.7,54.158
5/19/2017 ,2167,761.9,2.702,221.2,34.44,0,34.52,380.6,1.141949,78.67,58.802
5/20/2017 ,2306,761.6,1.626,151.1,51.74,0,28.78,359.7,1.079102,79.05,64.58
5/21/2017 ,2458,764.2,2.37,358,32.96,0,21.67,487.2,1.461611,83.3,68.702
5/22/2017 ,2596,763.5,3.134,352.2,29.67,0,23.54,363.7,1.091021,76.26,71.6
5/23/2017 ,2736,762,2.555,232.5,48.79,0,25.11,720,2.160051,145.6,76.136
5/24/2017 ,2863,750.6,9.3,213.1,20,0,22.69,902,2.706311,191.4,72.842
5/24/2017 ,2864,750.6,9.77,217.3,22.94,0,21.61,908,2.724476,192.8,72.842
5/25/2017 ,3025,755.4,1.62,29.76,48.67,0,21.77,734.2,2.202654,142.7,63.914
5/26/2017 ,3071,756.6,1.572,39.91,31.66,0,51.89,0,0,0,47.93
5/27/2017 ,3323,765.7,1.28,271,67.45,0,32.91,461.6,1.384674,76.55,67.658
5/28/2017 ,3468,765,1.283,211.1,37.2,0,20.82,428.3,1.28504,69.89,73.958
5/29/2017 ,3605,763.4,1.162,328.6,42.06,0,18.64,618,1.853888,115,78.098
5/30/2017 ,3752,760.7,2.559,246.3,31.7,0,17.92,543.5,1.630404,96.3,80.726
5/31/2017 ,3873,758.5,2.547,178.1,35.69,0,17.21,919,2.756142,194.1,85.316
6/1/2017  ,4029,758.3,3.18,195.1,25.19,0,24.72,503.5,1.510459,98.6,78.08
6/2/2017  ,4187,762.7,1.751,180.6,31.71,0,29.47,456.1,1.368231,77.37,73.688
6/3/2017  ,4325,762.2,1.071,185.5,48.84,0,20.49,647.1,1.941338,122.4,81.932
6/4/2017  ,4467,757.6,4.301,212.6,24.72,0,16.85,648.4,1.945162,128.3,88.10600000000001
6/5/2017  ,4613,762.6,2.149,201,33.05,0,20.22,589.7,1.769055,114.1,74.984
6/6/2017  ,4758,761.5,1.084,211.2,55.09,0,18.64,624.6,1.873794,115.1,86.14399999999999
6/7/2017  ,4897,759.5,2.293,209.8,24.23,0,22.92,734.1,2.202342,145,88.898
6/8/2017  ,5045,755.8,4.142,194.7,22.27,0,17.49,635.8,1.907541,121.6,85.928
6/9/2017  ,5087,757,4.545,188.7,20.5,0,37.29,0,0,0,62.582
6/10/2017 ,5336,755.9,4.997,219.8,24.64,0,26.93,630.1,1.890261,111.8,63.428000000000004
6/11/2017 ,5483,754.6,4.013,41.34,29.57,0,38.76,467.1,1.401416,81.8,68.666
6/12/2017 ,5585,750.9,2.266,141.9,27.65,0,38.26,393.6,1.180703,78.11,72.68
6/13/2017 ,5778,758.6,4.306,196.7,14.67,0,73.37,122,0.3661137,24.17,54.158
6/13/2017 ,5779,758.6,4.685,198.6,13.42,0,73.57,83.5,0.2505971,16.93,54.158
6/14/2017 ,5909,761.4,4.568,201.8,18.38,0,31.83,683.1,2.049394,133.4,68.918
6/15/2017 ,6050,760.9,5.072,207.5,17.27,0,30.58,694.1,2.082187,134.9,75.326
6/16/2017 ,6190,759.4,6.597,225,29.77,0,37.74,555.6,1.666763,119.6,71.618
6/17/2017 ,6336,762.3,2.499,192.2,34.55,0,29.22,738.2,2.214502,155.5,71.654
6/18/2017 ,6476,763.6,1.721,180.1,34.19,0,29.77,473.2,1.419546,111.1,75.92
6/19/2017 ,6639,763.4,1.509,174.9,27.91,0,28.68,437.8,1.313507,65.5,83.084
6/20/2017 ,6763,761.2,4.445,193.5,20.58,0,31.33,592.1,1.77642,134.9,86.828
6/21/2017 ,6914,758.7,4.934,187.1,22.47,0,33.09,709,2.127102,146.5,83.786
6/22/2017 ,7057,761.5,1.546,154.7,35.58,0,18.12,739.3,2.217874,153.3,77.52199999999999
6/23/2017 ,7212,764.2,1.823,349.8,34.11,0,18.73,460.9,1.382572,78.64,76.334
6/24/2017 ,7350,765.1,1.612,166.1,37.27,0,21.17,614.7,1.844242,119.1,79.77199999999999
6/25/2017 ,7492,765.1,1.569,178.5,41.32,0,17.84,666.8,2.000476,132.5,85.352
6/26/2017 ,7645,759,1.236,174.4,40.25,0,18.2,445.9,1.337801,70.46,90.284
6/27/2017 ,7790,757.6,1.798,59.53,29.99,0,33.8,435.8,1.307314,64.8,77.19800000000001
6/28/2017 ,7909,757.9,2.819,175.4,31.81,0,37.23,702.1,2.106153,156.7,71.636
6/29/2017 ,8063,763.1,1.403,77.8,56.19,0,31.51,644.5,1.93344,138.3,69.584
6/30/2017 ,8209,763.7,1.019,209.4,81.9,0,20.11,725.3,2.175878,150.4,77.09
7/1/2017  ,8364,761.3,1.009,254.4,35.19,0,11.94,407.3,1.221837,70.71,85.406
7/2/2017  ,8493,761.8,2.102,213.9,33.19,0,14.64,836,2.508192,173.3,88.736
7/3/2017  ,8646,761.9,2.114,165.3,35.28,0,20.72,611.9,1.835837,114.8,88.78999999999999
7/4/2017  ,8793,762.9,2.448,150.3,32.97,0,22.7,542.5,1.62755,96,90.176
7/5/2017  ,8919,763.7,1.094,117.7,56.13,0,20.63,865,2.596303,182.2,97.86200000000001
7/6/2017  ,9072,765.8,1.251,153.5,47.04,0,20.98,738.2,2.214556,139.1,95.45
7/7/2017  ,9219,765.5,1.625,357.2,46.16,0,17.47,669.1,2.007202,128.1,93.956
7/8/2017  ,9366,763.4,1.358,162.3,31.99,0,18.79,592.6,1.777726,107.2,95.684
7/9/2017  ,9496,763.8,1.448,278.7,39.46,0,27.43,654.3,1.96301,139.3,89.76200000000001
7/10/2017 ,9647,759.9,4.314,196.4,16.77,0,24.75,744.2,2.23262,151.9,88.376
7/11/2017 ,9790,760.2,4.957,196.1,18.21,0,26.69,768.5,2.30563,163.7,85.964
5/4/2017  ,10,763.3,0.966,268.3,52.39,0,17.94,443,1.329078,72.99,77.18
5/5/2017  ,144,757.5,3.114,223.2,40.58,0,19.06,695.5,2.086399,140,81.86
5/6/2017  ,285,754.4,2.692,181.8,28.24,0,24.76,653,1.958939,128,76.44200000000001
5/7/2017  ,425,757.8,1.456,264.5,42.26,0,55.04,618.6,1.855863,140.2,62.438
5/8/2017  ,586,759.1,1.151,271.2,45.89,0,31.8,406.7,1.21998,68.96,69.926
5/9/2017  ,719,758.5,2.349,177.2,37.48,0,28.2,617.3,1.851848,121.4,70.25
5/10/2017 ,874,759.2,1.043,208.1,87.7,0,18.61,453.4,1.360193,74.95,74.498
5/11/2017 ,1009,760.9,3.261,218.9,30.53,0,19.34,601.6,1.804913,119,77.972
5/12/2017 ,1162,752.2,5.564,193.9,20.57,0,21.45,437.5,1.312506,63.48,79.25
5/13/2017 ,1305,757.6,5.063,204.4,17.87,0,24.02,503.8,1.511273,87.2,52.376
5/14/2017 ,1450,756.5,1.778,319.8,57.16,0,24.3,470,1.410004,73.22,59.45
5/15/2017 ,1592,755,2.891,183,26.79,0,31.05,501.1,1.503289,86.6,61.538
5/16/2017 ,1710,753.4,4.183,220.4,29.31,0,27.04,1088,3.264452,217.4,59.612
5/17/2017 ,1887,757.3,0.852,349.6,57.4,0,37.81,181.5,0.5445077,35.42,46.418
5/18/2017 ,2019,760.3,4.017,35,27.3,0,41.92,622.1,1.866278,115.7,54.158
5/19/2017 ,2167,761.9,2.702,221.2,34.44,0,34.52,380.6,1.141949,78.67,58.802
5/20/2017 ,2306,761.6,1.626,151.1,51.74,0,28.78,359.7,1.079102,79.05,64.58
5/21/2017 ,2458,764.2,2.37,358,32.96,0,21.67,487.2,1.461611,83.3,68.702
5/22/2017 ,2596,763.5,3.134,352.2,29.67,0,23.54,363.7,1.091021,76.26,71.6
5/23/2017 ,2736,762,2.555,232.5,48.79,0,25.11,720,2.160051,145.6,76.136
5/24/2017 ,2863,750.6,9.3,213.1,20,0,22.69,902,2.706311,191.4,72.842
5/24/2017 ,2864,750.6,9.77,217.3,22.94,0,21.61,908,2.724476,192.8,72.842
5/25/2017 ,3025,755.4,1.62,29.76,48.67,0,21.77,734.2,2.202654,142.7,63.914
5/26/2017 ,3071,756.6,1.572,39.91,31.66,0,51.89,0,0,0,47.93
5/27/2017 ,3323,765.7,1.28,271,67.45,0,32.91,461.6,1.384674,76.55,67.658
5/28/2017 ,3468,765,1.283,211.1,37.2,0,20.82,428.3,1.28504,69.89,73.958
5/29/2017 ,3605,763.4,1.162,328.6,42.06,0,18.64,618,1.853888,115,78.098
5/30/2017 ,3752,760.7,2.559,246.3,31.7,0,17.92,543.5,1.630404,96.3,80.726
5/31/2017 ,3873,758.5,2.547,178.1,35.69,0,17.21,919,2.756142,194.1,85.316
6/1/2017  ,4029,758.3,3.18,195.1,25.19,0,24.72,503.5,1.510459,98.6,78.08
6/2/2017  ,4187,762.7,1.751,180.6,31.71,0,29.47,456.1,1.368231,77.37,73.688
6/3/2017  ,4325,762.2,1.071,185.5,48.84,0,20.49,647.1,1.941338,122.4,81.932
6/4/2017  ,4467,757.6,4.301,212.6,24.72,0,16.85,648.4,1.945162,128.3,88.10600000000001
6/5/2017  ,4613,762.6,2.149,201,33.05,0,20.22,589.7,1.769055,114.1,74.984
6/6/2017  ,4758,761.5,1.084,211.2,55.09,0,18.64,624.6,1.873794,115.1,86.14399999999999
6/7/2017  ,4897,759.5,2.293,209.8,24.23,0,22.92,734.1,2.202342,145,88.898
6/8/2017  ,5045,755.8,4.142,194.7,22.27,0,17.49,635.8,1.907541,121.6,85.928
6/9/2017  ,5087,757,4.545,188.7,20.5,0,37.29,0,0,0,62.582
6/10/2017 ,5336,755.9,4.997,219.8,24.64,0,26.93,630.1,1.890261,111.8,63.428000000000004
6/11/2017 ,5483,754.6,4.013,41.34,29.57,0,38.76,467.1,1.401416,81.8,68.666
6/12/2017 ,5585,750.9,2.266,141.9,27.65,0,38.26,393.6,1.180703,78.11,72.68
6/13/2017 ,5778,758.6,4.306,196.7,14.67,0,73.37,122,0.3661137,24.17,54.158
6/13/2017 ,5779,758.6,4.685,198.6,13.42,0,73.57,83.5,0.2505971,16.93,54.158
6/14/2017 ,5909,761.4,4.568,201.8,18.38,0,31.83,683.1,2.049394,133.4,68.918
6/15/2017 ,6050,760.9,5.072,207.5,17.27,0,30.58,694.1,2.082187,134.9,75.326
6/16/2017 ,6190,759.4,6.597,225,29.77,0,37.74,555.6,1.666763,119.6,71.618
6/17/2017 ,6336,762.3,2.499,192.2,34.55,0,29.22,738.2,2.214502,155.5,71.654
6/18/2017 ,6476,763.6,1.721,180.1,34.19,0,29.77,473.2,1.419546,111.1,75.92
6/19/2017 ,6639,763.4,1.509,174.9,27.91,0,28.68,437.8,1.313507,65.5,83.084
6/20/2017 ,6763,761.2,4.445,193.5,20.58,0,31.33,592.1,1.77642,134.9,86.828
6/21/2017 ,6914,758.7,4.934,187.1,22.47,0,33.09,709,2.127102,146.5,83.786
6/22/2017 ,7057,761.5,1.546,154.7,35.58,0,18.12,739.3,2.217874,153.3,77.52199999999999
6/23/2017 ,7212,764.2,1.823,349.8,34.11,0,18.73,460.9,1.382572,78.64,76.334
6/24/2017 ,7350,765.1,1.612,166.1,37.27,0,21.17,614.7,1.844242,119.1,79.77199999999999
6/25/2017 ,7492,765.1,1.569,178.5,41.32,0,17.84,666.8,2.000476,132.5,85.352
6/26/2017 ,7645,759,1.236,174.4,40.25,0,18.2,445.9,1.337801,70.46,90.284
6/27/2017 ,7790,757.6,1.798,59.53,29.99,0,33.8,435.8,1.307314,64.8,77.19800000000001
6/28/2017 ,7909,757.9,2.819,175.4,31.81,0,37.23,702.1,2.106153,156.7,71.636
6/29/2017 ,8063,763.1,1.403,77.8,56.19,0,31.51,644.5,1.93344,138.3,69.584
6/30/2017 ,8209,763.7,1.019,209.4,81.9,0,20.11,725.3,2.175878,150.4,77.09
7/1/2017  ,8364,761.3,1.009,254.4,35.19,0,11.94,407.3,1.221837,70.71,85.406
7/2/2017  ,8493,761.8,2.102,213.9,33.19,0,14.64,836,2.508192,173.3,88.736
7/3/2017  ,8646,761.9,2.114,165.3,35.28,0,20.72,611.9,1.835837,114.8,88.78999999999999
7/4/2017  ,8793,762.9,2.448,150.3,32.97,0,22.7,542.5,1.62755,96,90.176
7/5/2017  ,8919,763.7,1.094,117.7,56.13,0,20.63,865,2.596303,182.2,97.86200000000001
7/6/2017  ,9072,765.8,1.251,153.5,47.04,0,20.98,738.2,2.214556,139.1,95.45
7/7/2017  ,9219,765.5,1.625,357.2,46.16,0,17.47,669.1,2.007202,128.1,93.956
7/8/2017  ,9366,763.4,1.358,162.3,31.99,0,18.79,592.6,1.777726,107.2,95.684
7/9/2017  ,9496,763.8,1.448,278.7,39.46,0,27.43,654.3,1.96301,139.3,89.76200000000001
7/10/2017 ,9647,759.9,4.314,196.4,16.77,0,24.75,744.2,2.23262,151.9,88.376
7/11/2017 ,9790,760.2,4.957,196.1,18.21,0,26.69,768.5,2.30563,163.7,85.964
7/12/2017 ,9939,762.2,1.578,172.7,26.49,0,20.53,661.9,1.012683,131.8,88.48400000000001
5/4/2017  ,10,763.3,0.966,268.3,52.39,0,17.94,443,1.329078,72.99,77.18
5/5/2017  ,144,757.5,3.114,223.2,40.58,0,19.06,695.5,2.086399,140,81.86
5/6/2017  ,285,754.4,2.692,181.8,28.24,0,24.76,653,1.958939,128,76.44200000000001
5/7/2017  ,425,757.8,1.456,264.5,42.26,0,55.04,618.6,1.855863,140.2,62.438
5/8/2017  ,586,759.1,1.151,271.2,45.89,0,31.8,406.7,1.21998,68.96,69.926
5/9/2017  ,719,758.5,2.349,177.2,37.48,0,28.2,617.3,1.851848,121.4,70.25
5/10/2017 ,874,759.2,1.043,208.1,87.7,0,18.61,453.4,1.360193,74.95,74.498
5/11/2017 ,1009,760.9,3.261,218.9,30.53,0,19.34,601.6,1.804913,119,77.972
5/12/2017 ,1162,752.2,5.564,193.9,20.57,0,21.45,437.5,1.312506,63.48,79.25
5/13/2017 ,1305,757.6,5.063,204.4,17.87,0,24.02,503.8,1.511273,87.2,52.376
5/14/2017 ,1450,756.5,1.778,319.8,57.16,0,24.3,470,1.410004,73.22,59.45
5/15/2017 ,1592,755,2.891,183,26.79,0,31.05,501.1,1.503289,86.6,61.538
5/16/2017 ,1710,753.4,4.183,220.4,29.31,0,27.04,1088,3.264452,217.4,59.612
5/17/2017 ,1887,757.3,0.852,349.6,57.4,0,37.81,181.5,0.5445077,35.42,46.418
5/18/2017 ,2019,760.3,4.017,35,27.3,0,41.92,622.1,1.866278,115.7,54.158
5/19/2017 ,2167,761.9,2.702,221.2,34.44,0,34.52,380.6,1.141949,78.67,58.802
5/20/2017 ,2306,761.6,1.626,151.1,51.74,0,28.78,359.7,1.079102,79.05,64.58
5/21/2017 ,2458,764.2,2.37,358,32.96,0,21.67,487.2,1.461611,83.3,68.702
5/22/2017 ,2596,763.5,3.134,352.2,29.67,0,23.54,363.7,1.091021,76.26,71.6
5/23/2017 ,2736,762,2.555,232.5,48.79,0,25.11,720,2.160051,145.6,76.136
5/24/2017 ,2863,750.6,9.3,213.1,20,0,22.69,902,2.706311,191.4,72.842
5/24/2017 ,2864,750.6,9.77,217.3,22.94,0,21.61,908,2.724476,192.8,72.842
5/25/2017 ,3025,755.4,1.62,29.76,48.67,0,21.77,734.2,2.202654,142.7,63.914
5/26/2017 ,3071,756.6,1.572,39.91,31.66,0,51.89,0,0,0,47.93
5/27/2017 ,3323,765.7,1.28,271,67.45,0,32.91,461.6,1.384674,76.55,67.658
5/28/2017 ,3468,765,1.283,211.1,37.2,0,20.82,428.3,1.28504,69.89,73.958
5/29/2017 ,3605,763.4,1.162,328.6,42.06,0,18.64,618,1.853888,115,78.098
5/30/2017 ,3752,760.7,2.559,246.3,31.7,0,17.92,543.5,1.630404,96.3,80.726
5/31/2017 ,3873,758.5,2.547,178.1,35.69,0,17.21,919,2.756142,194.1,85.316
6/1/2017  ,4029,758.3,3.18,195.1,25.19,0,24.72,503.5,1.510459,98.6,78.08
6/2/2017  ,4187,762.7,1.751,180.6,31.71,0,29.47,456.1,1.368231,77.37,73.688
6/3/2017  ,4325,762.2,1.071,185.5,48.84,0,20.49,647.1,1.941338,122.4,81.932
6/4/2017  ,4467,757.6,4.301,212.6,24.72,0,16.85,648.4,1.945162,128.3,88.10600000000001
6/5/2017  ,4613,762.6,2.149,201,33.05,0,20.22,589.7,1.769055,114.1,74.984
6/6/2017  ,4758,761.5,1.084,211.2,55.09,0,18.64,624.6,1.873794,115.1,86.14399999999999
6/7/2017  ,4897,759.5,2.293,209.8,24.23,0,22.92,734.1,2.202342,145,88.898
6/8/2017  ,5045,755.8,4.142,194.7,22.27,0,17.49,635.8,1.907541,121.6,85.928
6/9/2017  ,5087,757,4.545,188.7,20.5,0,37.29,0,0,0,62.582
6/10/2017 ,5336,755.9,4.997,219.8,24.64,0,26.93,630.1,1.890261,111.8,63.428000000000004
6/11/2017 ,5483,754.6,4.013,41.34,29.57,0,38.76,467.1,1.401416,81.8,68.666
6/12/2017 ,5585,750.9,2.266,141.9,27.65,0,38.26,393.6,1.180703,78.11,72.68
6/13/2017 ,5778,758.6,4.306,196.7,14.67,0,73.37,122,0.3661137,24.17,54.158
6/13/2017 ,5779,758.6,4.685,198.6,13.42,0,73.57,83.5,0.2505971,16.93,54.158
6/14/2017 ,5909,761.4,4.568,201.8,18.38,0,31.83,683.1,2.049394,133.4,68.918
6/15/2017 ,6050,760.9,5.072,207.5,17.27,0,30.58,694.1,2.082187,134.9,75.326
6/16/2017 ,6190,759.4,6.597,225,29.77,0,37.74,555.6,1.666763,119.6,71.618
6/17/2017 ,6336,762.3,2.499,192.2,34.55,0,29.22,738.2,2.214502,155.5,71.654
6/18/2017 ,6476,763.6,1.721,180.1,34.19,0,29.77,473.2,1.419546,111.1,75.92
6/19/2017 ,6639,763.4,1.509,174.9,27.91,0,28.68,437.8,1.313507,65.5,83.084
6/20/2017 ,6763,761.2,4.445,193.5,20.58,0,31.33,592.1,1.77642,134.9,86.828
6/21/2017 ,6914,758.7,4.934,187.1,22.47,0,33.09,709,2.127102,146.5,83.786
6/22/2017 ,7057,761.5,1.546,154.7,35.58,0,18.12,739.3,2.217874,153.3,77.52199999999999
6/23/2017 ,7212,764.2,1.823,349.8,34.11,0,18.73,460.9,1.382572,78.64,76.334
6/24/2017 ,7350,765.1,1.612,166.1,37.27,0,21.17,614.7,1.844242,119.1,79.77199999999999
6/25/2017 ,7492,765.1,1.569,178.5,41.32,0,17.84,666.8,2.000476,132.5,85.352
6/26/2017 ,7645,759,1.236,174.4,40.25,0,18.2,445.9,1.337801,70.46,90.284
6/27/2017 ,7790,757.6,1.798,59.53,29.99,0,33.8,435.8,1.307314,64.8,77.19800000000001
6/28/2017 ,7909,757.9,2.819,175.4,31.81,0,37.23,702.1,2.106153,156.7,71.636
6/29/2017 ,8063,763.1,1.403,77.8,56.19,0,31.51,644.5,1.93344,138.3,69.584
6/30/2017 ,8209,763.7,1.019,209.4,81.9,0,20.11,725.3,2.175878,150.4,77.09
7/1/2017  ,8364,761.3,1.009,254.4,35.19,0,11.94,407.3,1.221837,70.71,85.406
7/2/2017  ,8493,761.8,2.102,213.9,33.19,0,14.64,836,2.508192,173.3,88.736
7/3/2017  ,8646,761.9,2.114,165.3,35.28,0,20.72,611.9,1.835837,114.8,88.78999999999999
7/4/2017  ,8793,762.9,2.448,150.3,32.97,0,22.7,542.5,1.62755,96,90.176
7/5/2017  ,8919,763.7,1.094,117.7,56.13,0,20.63,865,2.596303,182.2,97.86200000000001
7/6/2017  ,9072,765.8,1.251,153.5,47.04,0,20.98,738.2,2.214556,139.1,95.45
7/7/2017  ,9219,765.5,1.625,357.2,46.16,0,17.47,669.1,2.007202,128.1,93.956
7/8/2017  ,9366,763.4,1.358,162.3,31.99,0,18.79,592.6,1.777726,107.2,95.684
7/9/2017  ,9496,763.8,1.448,278.7,39.46,0,27.43,654.3,1.96301,139.3,89.76200000000001
7/10/2017 ,9647,759.9,4.314,196.4,16.77,0,24.75,744.2,2.23262,151.9,88.376
7/11/2017 ,9790,760.2,4.957,196.1,18.21,0,26.69,768.5,2.30563,163.7,85.964
7/12/2017 ,9939,762.2,1.578,172.7,26.49,0,20.53,661.9,1.012683,131.8,88.48400000000001
7/13/2017 ,10081,763.2,1.022,192.8,78.99,0,22.1,703.3,2.109905,131.9,94.352
7/14/2017 ,10228,764.9,1.151,24.78,44.01,0,13.11,670.9,2.012683,124.3,97.10600000000001
7/15/2017 ,10378,762.8,1.634,255.9,42.21,0,21.49,489.3,1.467761,85,94.298
7/16/2017 ,10526,760.9,3.32,184.6,25.13,0,31.36,389.1,1.167376,62.43,82.724
7/17/2017 ,10665,759.2,4.603,198.8,16.07,0,23.08,512.7,1.538157,89.2,89.006
7/18/2017 ,10808,761.3,2.694,218,23.64,0,20.54,539.8,1.619269,97.9,90.68
7/19/2017 ,10945,761.9,2.523,181.4,29.54,0,13.91,693.5,2.080353,129.7,91.076
7/20/2017 ,11090,761.1,2.362,177.5,27.93,0,28.85,706.6,2.11988,129.1,86.954
7/21/2017 ,11245,761.7,2.006,178.2,31.91,0,15.94,408.7,1.226211,66.13,86.162
7/22/2017 ,11385,763.4,1.437,154.6,32.13,0,17.19,515.9,1.54778,88.9,87.638
7/23/2017 ,11517,761.5,1.354,300.2,78.15,0,20.6,768.3,2.304962,158.5,92.192
7/24/2017 ,11662,760.1,2.094,198.2,22.41,0,9.44,705.6,2.116709,141.2,92.3
7/25/2017 ,11802,763,3.423,165.9,26.95,0,37.9,795.3,2.385792,164.2,81.23
7/26/2017 ,11959,763.7,1.171,194.3,47.9,0,42.94,549.1,1.647346,103.7,81.28399999999999
7/27/2017 ,12099,763.4,2.232,190.5,28.87,0,35.18,649.4,1.948281,132.7,80.726
7/27/2017 ,12102,763.1,2.231,225.8,42.07,0,34.24,581,1.743119,112.5,80.726
7/28/2017 ,12237,763,1.482,257,51.41,0,27.33,651.8,1.955308,132.3,85.622
7/29/2017 ,12384,763.7,1.645,203.3,43.16,0,18.95,709.2,2.127572,143.7,89.924
7/30/2017 ,12521,765.1,1.416,171.6,49.65,0,15.6,825,2.473506,163.8,92.696
7/31/2017 ,12677,764.8,1.46,207.2,32.51,0,14.09,596.9,1.790665,111.3,93.128
8/1/2017  ,12815,763.9,2.521,212.4,33.81,0,15.38,700.1,2.100198,123.5,92.084
8/2/2017  ,12956,763.7,1.197,68.68,37.66,0,13.43,764.5,2.293444,141.3,92.01200000000001
8/3/2017  ,13107,762.2,2.065,184.4,26.6,0,17.05,615.8,1.847413,108.8,90.284
8/4/2017  ,13258,758.8,2.45,183.8,25.21,0,17.33,436.1,1.308334,68.33,89.816
8/5/2017  ,13399,759.2,2.853,198.9,25.17,0,17.94,490.6,1.471715,76.02,86
8/6/2017  ,13529,761.7,2.321,20.5,39.57,0,17.65,896,2.688533,154.5,84.524
8/7/2017  ,13686,762.9,2.597,180.2,26.45,0,28.24,472.6,1.417818,72.66,80.168
8/8/2017  ,13829,763.2,1.685,357.5,37.73,0,27.98,536.8,1.610483,83.5,81.69800000000001
8/9/2017  ,13970,763,2.315,249.7,36.55,0,25.32,608.4,1.82518,92.1,82.256
8/10/2017 ,14113,764.5,0.677,19.66,72.14,0,20.73,626.5,1.879436,110.9,83.40799999999999
8/11/2017 ,14258,762,1.708,283.2,35.95,0,18,571.5,1.714645,92.2,87.116
8/12/2017 ,14402,760.6,1.872,248.6,48.39,0,18.98,638.1,1.91435,119.5,87.314
8/13/2017 ,14544,758.5,5.655,232.9,28.51,0,23.7,615.8,1.847454,116.1,83.138
8/14/2017 ,14665,759.7,3.625,203.8,22.16,0,51.75,497.8,1.493328,98.6,66.794
8/15/2017 ,14838,759.1,1.144,267.9,73.49,0,28.77,548,1.643889,97.3,76.586
8/16/2017 ,14983,760.9,2.98,219.2,24.6,0,19.52,486.6,1.459902,87,81.446
8/17/2017 ,15132,762.4,1.581,198.3,29.7,0,20.51,347.9,1.043593,53.83,83.156
8/18/2017 ,15271,762.5,2.415,183.8,26.03,0,19.36,490.3,1.470931,87.1,83.89399999999999
8/19/2017 ,15409,760.6,2.595,217.1,25.5,0,15.44,652.4,1.957242,106,85.982
5/4/2017  ,10,763.3,0.966,268.3,52.39,0,17.94,443,1.329078,72.99,77.18
5/5/2017  ,144,757.5,3.114,223.2,40.58,0,19.06,695.5,2.086399,140,81.86
5/6/2017  ,285,754.4,2.692,181.8,28.24,0,24.76,653,1.958939,128,76.44200000000001
5/7/2017  ,425,757.8,1.456,264.5,42.26,0,55.04,618.6,1.855863,140.2,62.438
5/8/2017  ,586,759.1,1.151,271.2,45.89,0,31.8,406.7,1.21998,68.96,69.926
5/9/2017  ,719,758.5,2.349,177.2,37.48,0,28.2,617.3,1.851848,121.4,70.25
5/10/2017 ,874,759.2,1.043,208.1,87.7,0,18.61,453.4,1.360193,74.95,74.498
5/11/2017 ,1009,760.9,3.261,218.9,30.53,0,19.34,601.6,1.804913,119,77.972
5/12/2017 ,1162,752.2,5.564,193.9,20.57,0,21.45,437.5,1.312506,63.48,79.25
5/13/2017 ,1305,757.6,5.063,204.4,17.87,0,24.02,503.8,1.511273,87.2,52.376
5/14/2017 ,1450,756.5,1.778,319.8,57.16,0,24.3,470,1.410004,73.22,59.45
5/15/2017 ,1592,755,2.891,183,26.79,0,31.05,501.1,1.503289,86.6,61.538
5/16/2017 ,1710,753.4,4.183,220.4,29.31,0,27.04,1088,3.264452,217.4,59.612
5/17/2017 ,1887,757.3,0.852,349.6,57.4,0,37.81,181.5,0.5445077,35.42,46.418
5/18/2017 ,2019,760.3,4.017,35,27.3,0,41.92,622.1,1.866278,115.7,54.158
5/19/2017 ,2167,761.9,2.702,221.2,34.44,0,34.52,380.6,1.141949,78.67,58.802
5/20/2017 ,2306,761.6,1.626,151.1,51.74,0,28.78,359.7,1.079102,79.05,64.58
5/21/2017 ,2458,764.2,2.37,358,32.96,0,21.67,487.2,1.461611,83.3,68.702
5/22/2017 ,2596,763.5,3.134,352.2,29.67,0,23.54,363.7,1.091021,76.26,71.6
5/23/2017 ,2736,762,2.555,232.5,48.79,0,25.11,720,2.160051,145.6,76.136
5/24/2017 ,2863,750.6,9.3,213.1,20,0,22.69,902,2.706311,191.4,72.842
5/24/2017 ,2864,750.6,9.77,217.3,22.94,0,21.61,908,2.724476,192.8,72.842
5/25/2017 ,3025,755.4,1.62,29.76,48.67,0,21.77,734.2,2.202654,142.7,63.914
5/26/2017 ,3071,756.6,1.572,39.91,31.66,0,51.89,0,0,0,47.93
5/27/2017 ,3323,765.7,1.28,271,67.45,0,32.91,461.6,1.384674,76.55,67.658
5/28/2017 ,3468,765,1.283,211.1,37.2,0,20.82,428.3,1.28504,69.89,73.958
5/29/2017 ,3605,763.4,1.162,328.6,42.06,0,18.64,618,1.853888,115,78.098
5/30/2017 ,3752,760.7,2.559,246.3,31.7,0,17.92,543.5,1.630404,96.3,80.726
5/31/2017 ,3873,758.5,2.547,178.1,35.69,0,17.21,919,2.756142,194.1,85.316
6/1/2017  ,4029,758.3,3.18,195.1,25.19,0,24.72,503.5,1.510459,98.6,78.08
6/2/2017  ,4187,762.7,1.751,180.6,31.71,0,29.47,456.1,1.368231,77.37,73.688
6/3/2017  ,4325,762.2,1.071,185.5,48.84,0,20.49,647.1,1.941338,122.4,81.932
6/4/2017  ,4467,757.6,4.301,212.6,24.72,0,16.85,648.4,1.945162,128.3,88.10600000000001
6/5/2017  ,4613,762.6,2.149,201,33.05,0,20.22,589.7,1.769055,114.1,74.984
6/6/2017  ,4758,761.5,1.084,211.2,55.09,0,18.64,624.6,1.873794,115.1,86.14399999999999
6/7/2017  ,4897,759.5,2.293,209.8,24.23,0,22.92,734.1,2.202342,145,88.898
6/8/2017  ,5045,755.8,4.142,194.7,22.27,0,17.49,635.8,1.907541,121.6,85.928
6/9/2017  ,5087,757,4.545,188.7,20.5,0,37.29,0,0,0,62.582
6/10/2017 ,5336,755.9,4.997,219.8,24.64,0,26.93,630.1,1.890261,111.8,63.428000000000004
6/11/2017 ,5483,754.6,4.013,41.34,29.57,0,38.76,467.1,1.401416,81.8,68.666
6/12/2017 ,5585,750.9,2.266,141.9,27.65,0,38.26,393.6,1.180703,78.11,72.68
6/13/2017 ,5778,758.6,4.306,196.7,14.67,0,73.37,122,0.3661137,24.17,54.158
6/13/2017 ,5779,758.6,4.685,198.6,13.42,0,73.57,83.5,0.2505971,16.93,54.158
6/14/2017 ,5909,761.4,4.568,201.8,18.38,0,31.83,683.1,2.049394,133.4,68.918
6/15/2017 ,6050,760.9,5.072,207.5,17.27,0,30.58,694.1,2.082187,134.9,75.326
6/16/2017 ,6190,759.4,6.597,225,29.77,0,37.74,555.6,1.666763,119.6,71.618
6/17/2017 ,6336,762.3,2.499,192.2,34.55,0,29.22,738.2,2.214502,155.5,71.654
6/18/2017 ,6476,763.6,1.721,180.1,34.19,0,29.77,473.2,1.419546,111.1,75.92
6/19/2017 ,6639,763.4,1.509,174.9,27.91,0,28.68,437.8,1.313507,65.5,83.084
6/20/2017 ,6763,761.2,4.445,193.5,20.58,0,31.33,592.1,1.77642,134.9,86.828
6/21/2017 ,6914,758.7,4.934,187.1,22.47,0,33.09,709,2.127102,146.5,83.786
6/22/2017 ,7057,761.5,1.546,154.7,35.58,0,18.12,739.3,2.217874,153.3,77.52199999999999
6/23/2017 ,7212,764.2,1.823,349.8,34.11,0,18.73,460.9,1.382572,78.64,76.334
6/24/2017 ,7350,765.1,1.612,166.1,37.27,0,21.17,614.7,1.844242,119.1,79.77199999999999
6/25/2017 ,7492,765.1,1.569,178.5,41.32,0,17.84,666.8,2.000476,132.5,85.352
6/26/2017 ,7645,759,1.236,174.4,40.25,0,18.2,445.9,1.337801,70.46,90.284
6/27/2017 ,7790,757.6,1.798,59.53,29.99,0,33.8,435.8,1.307314,64.8,77.19800000000001
6/28/2017 ,7909,757.9,2.819,175.4,31.81,0,37.23,702.1,2.106153,156.7,71.636
6/29/2017 ,8063,763.1,1.403,77.8,56.19,0,31.51,644.5,1.93344,138.3,69.584
6/30/2017 ,8209,763.7,1.019,209.4,81.9,0,20.11,725.3,2.175878,150.4,77.09
7/1/2017  ,8364,761.3,1.009,254.4,35.19,0,11.94,407.3,1.221837,70.71,85.406
7/2/2017  ,8493,761.8,2.102,213.9,33.19,0,14.64,836,2.508192,173.3,88.736
7/3/2017  ,8646,761.9,2.114,165.3,35.28,0,20.72,611.9,1.835837,114.8,88.78999999999999
7/4/2017  ,8793,762.9,2.448,150.3,32.97,0,22.7,542.5,1.62755,96,90.176
7/5/2017  ,8919,763.7,1.094,117.7,56.13,0,20.63,865,2.596303,182.2,97.86200000000001
7/6/2017  ,9072,765.8,1.251,153.5,47.04,0,20.98,738.2,2.214556,139.1,95.45
7/7/2017  ,9219,765.5,1.625,357.2,46.16,0,17.47,669.1,2.007202,128.1,93.956
7/8/2017  ,9366,763.4,1.358,162.3,31.99,0,18.79,592.6,1.777726,107.2,95.684
7/9/2017  ,9496,763.8,1.448,278.7,39.46,0,27.43,654.3,1.96301,139.3,89.76200000000001
7/10/2017 ,9647,759.9,4.314,196.4,16.77,0,24.75,744.2,2.23262,151.9,88.376
7/11/2017 ,9790,760.2,4.957,196.1,18.21,0,26.69,768.5,2.30563,163.7,85.964
7/12/2017 ,9939,762.2,1.578,172.7,26.49,0,20.53,661.9,1.012683,131.8,88.48400000000001
7/13/2017 ,10081,763.2,1.022,192.8,78.99,0,22.1,703.3,2.109905,131.9,94.352
7/14/2017 ,10228,764.9,1.151,24.78,44.01,0,13.11,670.9,2.012683,124.3,97.10600000000001
7/15/2017 ,10378,762.8,1.634,255.9,42.21,0,21.49,489.3,1.467761,85,94.298
7/16/2017 ,10526,760.9,3.32,184.6,25.13,0,31.36,389.1,1.167376,62.43,82.724
7/17/2017 ,10665,759.2,4.603,198.8,16.07,0,23.08,512.7,1.538157,89.2,89.006
7/18/2017 ,10808,761.3,2.694,218,23.64,0,20.54,539.8,1.619269,97.9,90.68
7/19/2017 ,10945,761.9,2.523,181.4,29.54,0,13.91,693.5,2.080353,129.7,91.076
7/20/2017 ,11090,761.1,2.362,177.5,27.93,0,28.85,706.6,2.11988,129.1,86.954
7/21/2017 ,11245,761.7,2.006,178.2,31.91,0,15.94,408.7,1.226211,66.13,86.162
7/22/2017 ,11385,763.4,1.437,154.6,32.13,0,17.19,515.9,1.54778,88.9,87.638
7/23/2017 ,11517,761.5,1.354,300.2,78.15,0,20.6,768.3,2.304962,158.5,92.192
7/24/2017 ,11662,760.1,2.094,198.2,22.41,0,9.44,705.6,2.116709,141.2,92.3
7/25/2017 ,11802,763,3.423,165.9,26.95,0,37.9,795.3,2.385792,164.2,81.23
7/26/2017 ,11959,763.7,1.171,194.3,47.9,0,42.94,549.1,1.647346,103.7,81.28399999999999
7/27/2017 ,12099,763.4,2.232,190.5,28.87,0,35.18,649.4,1.948281,132.7,80.726
7/27/2017 ,12102,763.1,2.231,225.8,42.07,0,34.24,581,1.743119,112.5,80.726
7/28/2017 ,12237,763,1.482,257,51.41,0,27.33,651.8,1.955308,132.3,85.622
7/29/2017 ,12384,763.7,1.645,203.3,43.16,0,18.95,709.2,2.127572,143.7,89.924
7/30/2017 ,12521,765.1,1.416,171.6,49.65,0,15.6,825,2.473506,163.8,92.696
7/31/2017 ,12677,764.8,1.46,207.2,32.51,0,14.09,596.9,1.790665,111.3,93.128
8/1/2017  ,12815,763.9,2.521,212.4,33.81,0,15.38,700.1,2.100198,123.5,92.084
8/2/2017  ,12956,763.7,1.197,68.68,37.66,0,13.43,764.5,2.293444,141.3,92.01200000000001
8/3/2017  ,13107,762.2,2.065,184.4,26.6,0,17.05,615.8,1.847413,108.8,90.284
8/4/2017  ,13258,758.8,2.45,183.8,25.21,0,17.33,436.1,1.308334,68.33,89.816
8/5/2017  ,13399,759.2,2.853,198.9,25.17,0,17.94,490.6,1.471715,76.02,86
8/6/2017  ,13529,761.7,2.321,20.5,39.57,0,17.65,896,2.688533,154.5,84.524
8/7/2017  ,13686,762.9,2.597,180.2,26.45,0,28.24,472.6,1.417818,72.66,80.168
8/8/2017  ,13829,763.2,1.685,357.5,37.73,0,27.98,536.8,1.610483,83.5,81.69800000000001
8/9/2017  ,13970,763,2.315,249.7,36.55,0,25.32,608.4,1.82518,92.1,82.256
8/10/2017 ,14113,764.5,0.677,19.66,72.14,0,20.73,626.5,1.879436,110.9,83.40799999999999
8/11/2017 ,14258,762,1.708,283.2,35.95,0,18,571.5,1.714645,92.2,87.116
8/12/2017 ,14402,760.6,1.872,248.6,48.39,0,18.98,638.1,1.91435,119.5,87.314
8/13/2017 ,14544,758.5,5.655,232.9,28.51,0,23.7,615.8,1.847454,116.1,83.138
8/14/2017 ,14665,759.7,3.625,203.8,22.16,0,51.75,497.8,1.493328,98.6,66.794
8/15/2017 ,14838,759.1,1.144,267.9,73.49,0,28.77,548,1.643889,97.3,76.586
8/16/2017 ,14983,760.9,2.98,219.2,24.6,0,19.52,486.6,1.459902,87,81.446
8/17/2017 ,15132,762.4,1.581,198.3,29.7,0,20.51,347.9,1.043593,53.83,83.156
8/18/2017 ,15271,762.5,2.415,183.8,26.03,0,19.36,490.3,1.470931,87.1,83.89399999999999
8/19/2017 ,15409,760.6,2.595,217.1,25.5,0,15.44,652.4,1.957242,106,85.982
8/20/2017 ,15561,760.8,2.222,196.6,29.25,0,17.37,397.7,1.193088,60.69,82.166
8/21/2017 ,15708,763.8,1.581,196.1,25.88,0,18.65,330.5,0.9913965,48.88,81.878
5/4/2017  ,10,763.3,0.966,268.3,52.39,0,17.94,443,1.329078,72.99,77.18
5/5/2017  ,144,757.5,3.114,223.2,40.58,0,19.06,695.5,2.086399,140,81.86
5/6/2017  ,285,754.4,2.692,181.8,28.24,0,24.76,653,1.958939,128,76.44200000000001
5/7/2017  ,425,757.8,1.456,264.5,42.26,0,55.04,618.6,1.855863,140.2,62.438
5/8/2017  ,586,759.1,1.151,271.2,45.89,0,31.8,406.7,1.21998,68.96,69.926
5/9/2017  ,719,758.5,2.349,177.2,37.48,0,28.2,617.3,1.851848,121.4,70.25
5/10/2017 ,874,759.2,1.043,208.1,87.7,0,18.61,453.4,1.360193,74.95,74.498
5/11/2017 ,1009,760.9,3.261,218.9,30.53,0,19.34,601.6,1.804913,119,77.972
5/12/2017 ,1162,752.2,5.564,193.9,20.57,0,21.45,437.5,1.312506,63.48,79.25
5/13/2017 ,1305,757.6,5.063,204.4,17.87,0,24.02,503.8,1.511273,87.2,52.376
5/14/2017 ,1450,756.5,1.778,319.8,57.16,0,24.3,470,1.410004,73.22,59.45
5/15/2017 ,1592,755,2.891,183,26.79,0,31.05,501.1,1.503289,86.6,61.538
5/16/2017 ,1710,753.4,4.183,220.4,29.31,0,27.04,1088,3.264452,217.4,59.612
5/17/2017 ,1887,757.3,0.852,349.6,57.4,0,37.81,181.5,0.5445077,35.42,46.418
5/18/2017 ,2019,760.3,4.017,35,27.3,0,41.92,622.1,1.866278,115.7,54.158
5/19/2017 ,2167,761.9,2.702,221.2,34.44,0,34.52,380.6,1.141949,78.67,58.802
5/20/2017 ,2306,761.6,1.626,151.1,51.74,0,28.78,359.7,1.079102,79.05,64.58
5/21/2017 ,2458,764.2,2.37,358,32.96,0,21.67,487.2,1.461611,83.3,68.702
5/22/2017 ,2596,763.5,3.134,352.2,29.67,0,23.54,363.7,1.091021,76.26,71.6
5/23/2017 ,2736,762,2.555,232.5,48.79,0,25.11,720,2.160051,145.6,76.136
5/24/2017 ,2863,750.6,9.3,213.1,20,0,22.69,902,2.706311,191.4,72.842
5/24/2017 ,2864,750.6,9.77,217.3,22.94,0,21.61,908,2.724476,192.8,72.842
5/25/2017 ,3025,755.4,1.62,29.76,48.67,0,21.77,734.2,2.202654,142.7,63.914
5/26/2017 ,3071,756.6,1.572,39.91,31.66,0,51.89,0,0,0,47.93
5/27/2017 ,3323,765.7,1.28,271,67.45,0,32.91,461.6,1.384674,76.55,67.658
5/28/2017 ,3468,765,1.283,211.1,37.2,0,20.82,428.3,1.28504,69.89,73.958
5/29/2017 ,3605,763.4,1.162,328.6,42.06,0,18.64,618,1.853888,115,78.098
5/30/2017 ,3752,760.7,2.559,246.3,31.7,0,17.92,543.5,1.630404,96.3,80.726
5/31/2017 ,3873,758.5,2.547,178.1,35.69,0,17.21,919,2.756142,194.1,85.316
6/1/2017  ,4029,758.3,3.18,195.1,25.19,0,24.72,503.5,1.510459,98.6,78.08
6/2/2017  ,4187,762.7,1.751,180.6,31.71,0,29.47,456.1,1.368231,77.37,73.688
6/3/2017  ,4325,762.2,1.071,185.5,48.84,0,20.49,647.1,1.941338,122.4,81.932
6/4/2017  ,4467,757.6,4.301,212.6,24.72,0,16.85,648.4,1.945162,128.3,88.10600000000001
6/5/2017  ,4613,762.6,2.149,201,33.05,0,20.22,589.7,1.769055,114.1,74.984
6/6/2017  ,4758,761.5,1.084,211.2,55.09,0,18.64,624.6,1.873794,115.1,86.14399999999999
6/7/2017  ,4897,759.5,2.293,209.8,24.23,0,22.92,734.1,2.202342,145,88.898
6/8/2017  ,5045,755.8,4.142,194.7,22.27,0,17.49,635.8,1.907541,121.6,85.928
6/9/2017  ,5087,757,4.545,188.7,20.5,0,37.29,0,0,0,62.582
6/10/2017 ,5336,755.9,4.997,219.8,24.64,0,26.93,630.1,1.890261,111.8,63.428000000000004
6/11/2017 ,5483,754.6,4.013,41.34,29.57,0,38.76,467.1,1.401416,81.8,68.666
6/12/2017 ,5585,750.9,2.266,141.9,27.65,0,38.26,393.6,1.180703,78.11,72.68
6/13/2017 ,5778,758.6,4.306,196.7,14.67,0,73.37,122,0.3661137,24.17,54.158
6/13/2017 ,5779,758.6,4.685,198.6,13.42,0,73.57,83.5,0.2505971,16.93,54.158
6/14/2017 ,5909,761.4,4.568,201.8,18.38,0,31.83,683.1,2.049394,133.4,68.918
6/15/2017 ,6050,760.9,5.072,207.5,17.27,0,30.58,694.1,2.082187,134.9,75.326
6/16/2017 ,6190,759.4,6.597,225,29.77,0,37.74,555.6,1.666763,119.6,71.618
6/17/2017 ,6336,762.3,2.499,192.2,34.55,0,29.22,738.2,2.214502,155.5,71.654
6/18/2017 ,6476,763.6,1.721,180.1,34.19,0,29.77,473.2,1.419546,111.1,75.92
6/19/2017 ,6639,763.4,1.509,174.9,27.91,0,28.68,437.8,1.313507,65.5,83.084
6/20/2017 ,6763,761.2,4.445,193.5,20.58,0,31.33,592.1,1.77642,134.9,86.828
6/21/2017 ,6914,758.7,4.934,187.1,22.47,0,33.09,709,2.127102,146.5,83.786
6/22/2017 ,7057,761.5,1.546,154.7,35.58,0,18.12,739.3,2.217874,153.3,77.52199999999999
6/23/2017 ,7212,764.2,1.823,349.8,34.11,0,18.73,460.9,1.382572,78.64,76.334
6/24/2017 ,7350,765.1,1.612,166.1,37.27,0,21.17,614.7,1.844242,119.1,79.77199999999999
6/25/2017 ,7492,765.1,1.569,178.5,41.32,0,17.84,666.8,2.000476,132.5,85.352
6/26/2017 ,7645,759,1.236,174.4,40.25,0,18.2,445.9,1.337801,70.46,90.284
6/27/2017 ,7790,757.6,1.798,59.53,29.99,0,33.8,435.8,1.307314,64.8,77.19800000000001
6/28/2017 ,7909,757.9,2.819,175.4,31.81,0,37.23,702.1,2.106153,156.7,71.636
6/29/2017 ,8063,763.1,1.403,77.8,56.19,0,31.51,644.5,1.93344,138.3,69.584
6/30/2017 ,8209,763.7,1.019,209.4,81.9,0,20.11,725.3,2.175878,150.4,77.09
7/1/2017  ,8364,761.3,1.009,254.4,35.19,0,11.94,407.3,1.221837,70.71,85.406
7/2/2017  ,8493,761.8,2.102,213.9,33.19,0,14.64,836,2.508192,173.3,88.736
7/3/2017  ,8646,761.9,2.114,165.3,35.28,0,20.72,611.9,1.835837,114.8,88.78999999999999
7/4/2017  ,8793,762.9,2.448,150.3,32.97,0,22.7,542.5,1.62755,96,90.176
7/5/2017  ,8919,763.7,1.094,117.7,56.13,0,20.63,865,2.596303,182.2,97.86200000000001
7/6/2017  ,9072,765.8,1.251,153.5,47.04,0,20.98,738.2,2.214556,139.1,95.45
7/7/2017  ,9219,765.5,1.625,357.2,46.16,0,17.47,669.1,2.007202,128.1,93.956
7/8/2017  ,9366,763.4,1.358,162.3,31.99,0,18.79,592.6,1.777726,107.2,95.684
7/9/2017  ,9496,763.8,1.448,278.7,39.46,0,27.43,654.3,1.96301,139.3,89.76200000000001
7/10/2017 ,9647,759.9,4.314,196.4,16.77,0,24.75,744.2,2.23262,151.9,88.376
7/11/2017 ,9790,760.2,4.957,196.1,18.21,0,26.69,768.5,2.30563,163.7,85.964
7/12/2017 ,9939,762.2,1.578,172.7,26.49,0,20.53,661.9,1.012683,131.8,88.48400000000001
7/13/2017 ,10081,763.2,1.022,192.8,78.99,0,22.1,703.3,2.109905,131.9,94.352
7/14/2017 ,10228,764.9,1.151,24.78,44.01,0,13.11,670.9,2.012683,124.3,97.10600000000001
7/15/2017 ,10378,762.8,1.634,255.9,42.21,0,21.49,489.3,1.467761,85,94.298
7/16/2017 ,10526,760.9,3.32,184.6,25.13,0,31.36,389.1,1.167376,62.43,82.724
7/17/2017 ,10665,759.2,4.603,198.8,16.07,0,23.08,512.7,1.538157,89.2,89.006
7/18/2017 ,10808,761.3,2.694,218,23.64,0,20.54,539.8,1.619269,97.9,90.68
7/19/2017 ,10945,761.9,2.523,181.4,29.54,0,13.91,693.5,2.080353,129.7,91.076
7/20/2017 ,11090,761.1,2.362,177.5,27.93,0,28.85,706.6,2.11988,129.1,86.954
7/21/2017 ,11245,761.7,2.006,178.2,31.91,0,15.94,408.7,1.226211,66.13,86.162
7/22/2017 ,11385,763.4,1.437,154.6,32.13,0,17.19,515.9,1.54778,88.9,87.638
7/23/2017 ,11517,761.5,1.354,300.2,78.15,0,20.6,768.3,2.304962,158.5,92.192
7/24/2017 ,11662,760.1,2.094,198.2,22.41,0,9.44,705.6,2.116709,141.2,92.3
7/25/2017 ,11802,763,3.423,165.9,26.95,0,37.9,795.3,2.385792,164.2,81.23
7/26/2017 ,11959,763.7,1.171,194.3,47.9,0,42.94,549.1,1.647346,103.7,81.28399999999999
7/27/2017 ,12099,763.4,2.232,190.5,28.87,0,35.18,649.4,1.948281,132.7,80.726
7/27/2017 ,12102,763.1,2.231,225.8,42.07,0,34.24,581,1.743119,112.5,80.726
7/28/2017 ,12237,763,1.482,257,51.41,0,27.33,651.8,1.955308,132.3,85.622
7/29/2017 ,12384,763.7,1.645,203.3,43.16,0,18.95,709.2,2.127572,143.7,89.924
7/30/2017 ,12521,765.1,1.416,171.6,49.65,0,15.6,825,2.473506,163.8,92.696
7/31/2017 ,12677,764.8,1.46,207.2,32.51,0,14.09,596.9,1.790665,111.3,93.128
8/1/2017  ,12815,763.9,2.521,212.4,33.81,0,15.38,700.1,2.100198,123.5,92.084
8/2/2017  ,12956,763.7,1.197,68.68,37.66,0,13.43,764.5,2.293444,141.3,92.01200000000001
8/3/2017  ,13107,762.2,2.065,184.4,26.6,0,17.05,615.8,1.847413,108.8,90.284
8/4/2017  ,13258,758.8,2.45,183.8,25.21,0,17.33,436.1,1.308334,68.33,89.816
8/5/2017  ,13399,759.2,2.853,198.9,25.17,0,17.94,490.6,1.471715,76.02,86
8/6/2017  ,13529,761.7,2.321,20.5,39.57,0,17.65,896,2.688533,154.5,84.524
8/7/2017  ,13686,762.9,2.597,180.2,26.45,0,28.24,472.6,1.417818,72.66,80.168
8/8/2017  ,13829,763.2,1.685,357.5,37.73,0,27.98,536.8,1.610483,83.5,81.69800000000001
8/9/2017  ,13970,763,2.315,249.7,36.55,0,25.32,608.4,1.82518,92.1,82.256
8/10/2017 ,14113,764.5,0.677,19.66,72.14,0,20.73,626.5,1.879436,110.9,83.40799999999999
8/11/2017 ,14258,762,1.708,283.2,35.95,0,18,571.5,1.714645,92.2,87.116
8/12/2017 ,14402,760.6,1.872,248.6,48.39,0,18.98,638.1,1.91435,119.5,87.314
8/13/2017 ,14544,758.5,5.655,232.9,28.51,0,23.7,615.8,1.847454,116.1,83.138
8/14/2017 ,14665,759.7,3.625,203.8,22.16,0,51.75,497.8,1.493328,98.6,66.794
8/15/2017 ,14838,759.1,1.144,267.9,73.49,0,28.77,548,1.643889,97.3,76.586
8/16/2017 ,14983,760.9,2.98,219.2,24.6,0,19.52,486.6,1.459902,87,81.446
8/17/2017 ,15132,762.4,1.581,198.3,29.7,0,20.51,347.9,1.043593,53.83,83.156
8/18/2017 ,15271,762.5,2.415,183.8,26.03,0,19.36,490.3,1.470931,87.1,83.89399999999999
8/19/2017 ,15409,760.6,2.595,217.1,25.5,0,15.44,652.4,1.957242,106,85.982
8/20/2017 ,15561,760.8,2.222,196.6,29.25,0,17.37,397.7,1.193088,60.69,82.166
8/21/2017 ,15708,763.8,1.581,196.1,25.88,0,18.65,330.5,0.9913965,48.88,81.878
8/22/2017 ,15851,763,1.829,180.5,31.02,0,14.35,361.8,1.085376,55.23,87.494
8/23/2017 ,15994,762.4,1.168,14.57,25.68,0,28.51,336.4,1.009099,54.78,80.618
8/24/2017 ,16133,759.5,3.323,202,26.78,0,27.57,522,1.566143,92.1,82.544
8/25/2017 ,16270,760.8,2.873,244,34.65,0,20.59,684.8,2.054474,130.7,86.522
8/26/2017 ,16420,764.5,2.124,191.1,21.87,0,17.73,405.8,1.21746,47.07,86.846
8/27/2017 ,16574,764.1,1.135,203.1,30.08,0,9.42,256.7,0.7700003,34.72,89.41999999999999
8/28/2017 ,16706,763.3,0.813,236.1,52.67,0,12.26,552,1.655865,96.2,93.074
8/29/2017 ,16846,762.8,1.132,211.3,49.31,0,13.76,655.1,1.965287,127.8,93.128
8/30/2017 ,16970,763.3,1.585,192.6,30.44,0,22.39,668.9,2.006757,126.3,85.604
8/31/2017 ,17148,762.3,2.448,190.2,23.58,0,32.16,255.1,0.7654023,35.18,79.934
9/1/2017  ,17288,765.2,1.397,175.7,27.55,0,20.79,381.3,1.143936,59.22,82.94
9/2/2017  ,17430,764.7,2.339,191.5,26.51,0,18.19,421.1,1.263252,64,89.186
9/3/2017  ,17570,765,1.403,213.7,29.9,0,12.76,533.9,1.60183,87.7,92.534
9/4/2017  ,17703,764.9,0.721,13.11,54.75,0,14.36,639,1.916984,86.3,91.976
9/5/2017  ,17860,764.6,0.465,221.8,69.92,0,13.1,458.7,1.376212,68.85,89.006
9/6/2017  ,18009,762.4,0.627,212.7,52.93,0,13.63,281.3,0.8438435,36.13,88.088
9/7/2017  ,18146,761.2,1.919,226.4,22.14,0,18.48,407.6,1.222698,45.38,83.48
9/8/2017  ,18296,760.8,2.292,199.3,25.68,0,24.07,320.8,0.9623579,51.97,83.75
9/9/2017  ,18429,762.6,2.704,210,30.9,0,29.76,711.7,2.135202,130.9,83.40799999999999
9/10/2017 ,18580,765,2.884,206.3,28.62,0,32.74,440.4,1.321146,75.42,82.328
9/11/2017 ,18723,764.6,2.225,234.4,37.15,0,22.03,472.2,1.416701,80.8,85.352
9/12/2017 ,18871,760.2,3.063,238.6,31.56,0,15.77,363.6,1.090702,56.94,87.188
9/13/2017 ,19014,756.8,5.255,216.9,24.88,0,29.02,387,1.161001,64.82,80.312
9/14/2017 ,19125,757.3,1.148,140.8,25.19,0,43.22,145.5,0.4364364,26.68,69.89
9/15/2017 ,19212,755.6,0.678,352.6,35.99,0,82.3,0,0,-0.062,52.61
9/16/2017 ,19443,764.2,1.269,197.7,49.83,0,45.95,455.3,1.3660079999999999,86.7,53.942
9/17/2017 ,19588,760.4,1.815,231.4,32.66,0,27.16,471.9,1.41563,83.1,65.354
9/18/2017 ,19716,755.9,3.411,211.8,21.69,0,32.47,484.7,1.454043,112.2,67.244
9/19/2017 ,19780,753,4.635,167.9,25.72,0,61.57,0,0,-0.003,53.870000000000005
9/20/2017 ,20021,753.7,5.245,208.2,17.97,0,33.88,254.3,0.7628024,53.53,61.268
9/21/2017 ,20065,755.5,2.835,180.3,25.16,0.254,91.6,0,0,-0.002,45.518
9/22/2017 ,20308,758.8,1.983,199,22.03,0,68.31,149.1,0.4472225,37.21,44.9978
9/23/2017 ,20448,759.7,1.023,263.9,75.32,0,40.07,546.5,1.639517,93.8,55.598
9/24/2017 ,20581,759.3,2.345,340.3,39.4,0,34.27,525,1.575057,100.2,59.540000000000006
9/25/2017 ,20732,762.2,2.415,217.1,36.46,0,27.82,568.7,1.706036,100.6,57.938
9/26/2017 ,20886,764.4,1.281,56.69,37.55,0,33.18,385.7,1.157108,50.49,63.446
9/27/2017 ,21023,765.7,0.878,309,75.23,0,25.49,491.3,1.473875,82.6,68.018
9/28/2017 ,21176,764.5,0.52,302.8,31.01,0,23.98,264.1,0.7922702,34.48,70.214
9/29/2017 ,21312,761.7,1.761,257.9,41.93,0,32.57,451.7,1.355192,72.37,67.946
9/30/2017 ,21360,760.3,1.757,167.6,33.73,0,47.6,0,0,0,57.506
10/1/2017 ,21596,758,1.899,201.5,26.62,0,61.19,339.1,1.01716,67.98,46.778000000000006
10/2/2017 ,21729,758.4,1.86,40.28,58.86,0,36.95,740.4,2.221091,134.8,51.188
10/3/2017 ,21886,765.3,2.38,38.01,29.17,0,34.17,486.1,1.458196,82.8,52.25
10/4/2017 ,22010,761.9,0.554,30.09,28.71,0,47.9,200.3,0.6009312,45.55,53.15
10/5/2017 ,22184,763.1,0.846,267.6,61.12,0,32.27,228.6,0.6858495,28.99,57.218
10/6/2017 ,22323,763.1,5.673,203.3,16.07,0,40.34,372,1.115875,53.26,57.02
10/7/2017 ,22467,754.9,7.359,214.5,18.72,0,30.03,336.6,1.009658,48.8,63.013999999999996
10/8/2017 ,22600,759.1,0.784,112.7,87.2,0,33.81,415.4,1.246139,78.26,51.71
10/9/2017 ,22760,767,2.077,235.7,29.08,0,28.45,209.1,0.6273976,25.68,50.414
10/10/2017,22906,761.1,1.718,226.8,29.99,0,26.06,141.9,0.4256074,16.93,57.344
10/11/2017,23033,757.5,3.505,231.8,31.48,0,21.31,609.8,1.829495,82,61.196
10/12/2017,23181,762.5,5.103,209,24.64,0,32.39,453.9,1.361699,72.87,46.297399999999996
10/13/2017,23326,760.4,5.377,225.8,30.65,0,30.56,425.9,1.277667,67.39,49.676
10/14/2017,23482,770.7,3.835,200.3,16.2,0,54.61,131.1,0.393155,16.2,39.7868
10/15/2017,23620,770,0.648,342.2,30.79,0,25.4,279.9,0.8395513,38.76,55.544
10/16/2017,23765,767.4,2.46,209.3,17.06,0,20.72,253,0.7591125,33.45,59.666
10/17/2017,23903,762.1,4.297,219.8,23.35,0,17.66,356.1,1.068156,57.07,65.786
10/18/2017,24054,762.3,4.332,206.6,17.86,0,22.43,209.8,0.6292986,27.65,65.174
10/19/2017,24194,756.5,3.055,211.4,20.77,0,15.3,306.6,0.9199491,42.89,70.16
10/20/2017,24239,753.2,5.159,153.1,21.42,0,18.78,0,0,0,59.774
10/21/2017,24481,763.6,4.269,219.6,24.79,0,46.64,171.2,0.5135254,39.29,41.945
10/22/2017,24624,764.2,6.337,220.9,26.12,0,46.81,275.7,0.8272254,48.21,55.958
10/23/2017,24768,773.4,1.777,226.9,36.44,0,37.45,319.8,0.9594845,45.5,55.022
10/24/2017,24916,772.6,0.639,263.4,40.26,0,34.17,233.4,0.7002078,28.38,59.18
10/25/2017,25059,761.7,3.36,224.1,27.33,0,27.96,253.3,0.7599999,31.67,61.790000000000006
10/26/2017,25201,765.3,2.428,0.267,34.56,0,28.02,300.7,0.9020381,39.67,53.06
10/27/2017,25341,765.4,0.673,302.6,54.03,0,25.06,366.6,1.099862,53.34,58.928000000000004
10/28/2017,25489,763.2,1.515,223.6,32.05,0,36.42,283.8,0.8513578,37.24,62.42
10/29/2017,25622,759.5,2.515,209.1,29.41,0,35.9,502.3,1.506861,79.64,59.99
10/30/2017,25771,759.5,1.83,6.721,34.8,0,25.83,399.2,1.197639,58.76,51.403999999999996
10/31/2017,25929,757.2,3.856,211.5,21.39,0,49.74,36.85,0.110549,7.156,44.537
11/1/2017 ,26061,749.3,6.865,219,24.04,0,32.03,106.8,0.3202578,20.27,55.256
11/2/2017 ,26213,756.3,3.9,229.7,28.84,0,40.3,66.82,0.2004746,12.69,52.52
11/3/2017 ,26262,756,3.553,165.1,22.99,0,43.86,0,0,0,49.622
11/4/2017 ,26400,755.6,4.746,209.5,17.74,0,63.74,0,0,-0.001,46.2164
11/5/2017 ,26642,757.7,5.154,205.3,17.41,0,46.87,236.5,0.70948580000000006,33.12,40.1918
11/6/2017 ,26777,761.7,2.255,218.1,30.74,0,59.5,191.8,0.5755147,39.06,36.9482
11/7/2017 ,26928,767.5,0.782,239.6,37.51,0,45.1,280.6,0.8419158,36.43,39.3656
11/8/2017 ,27070,764.6,1.499,37.72,31.95,0,52.39,164.6,0.4937185,34.9,34.6712
11/9/2017 ,27207,759.6,0.947,76.26,78.56,0,32.81,488.5,1.465479,72.96,52.484
11/10/2017,27360,758.6,4.424,209,18.02,0,41.96,271.4,0.8142039,34.14,50.684
11/11/2017,27500,764.9,1.388,248.2,81,0,53.02,474.9,1.42467,54.18,44.789
11/12/2017,27642,763.6,1.135,6.208,34.12,0,41.6,260.3,0.7810341,47,49.784
11/13/2017,27789,761.5,4.636,214.8,20.35,0,26.8,323.3,0.9699297,42.18,57.092
11/14/2017,27844,761.1,2.711,168.7,27.4,0,36,0,0,0,48.272
11/15/2017,28070,760.2,0.747,57.02,33.18,0,41.66,280.4,0.8413143,49.46,46.903999999999996
11/16/2017,28169,753.7,6.328,184.6,20.52,0,65.6,0,0,-0.006,47.012
11/17/2017,28276,753.6,3.213,220.4,23.69,0,86.1,0,0,0.01,38.336
11/18/2017,28508,768.7,2.791,211.3,20.09,0,52.01,220.7,0.6621318,23.18,35.7944
11/19/2017,28638,763.3,0.739,82.9,59.15,0,45.93,339.4,1.01807,51.16,39.983
11/20/2017,28823,760.9,2.025,220,27.06,0,82.9,0,0,0,40.3286
11/22/2017,28851,768.8,0.418,151.8,80.1,0,64.44,265.3,0.7959984,42.99,53.888
11/23/2017,28907,761.1,6.252,207.3,16.87,0,48.6,238.2,0.7145433,36.57,59.774
11/24/2017,28958,757.6,6.924,201.7,14.71,0,57.57,0,0,0.001,52.466
11/25/2017,29105,766.2,1.304,45.78,31.61,0,61.73,293.8,0.8815274,55.68,44.0006
11/26/2017,29261,759.6,0.463,175.2,29.67,0,44.87,139.7,0.4192327,30.08,55.166
11/27/2017,29355,752.8,1.798,191,23.55,0,51.87,0,0,0,51.008
11/28/2017,29552,764.5,1.837,70.04,27.41,0,69.26,194.3,0.5829924,28.5,35.9132
11/29/2017,29699,767.8,1.328,169.2,32.47,0,65.83,84.6,0.2536787,16.13,36.689
11/30/2017,29846,763.7,1.601,63.95,15.99,0,68.01,57.7,0.1730929,9.52,33.0188
12/1/2017 ,29992,763.9,0.651,231.6,35.29,0,78.17,20.65,0.06196468,4.956,33.9476
12/2/2017 ,30161,758,1.426,169.9,35.35,0,57.86,0,0,0.001,41.1008
12/3/2017 ,30248,751.6,2.367,180.3,23.21,0,52.78,434.6,1.303835,54.95,48.668
12/4/2017 ,30329,758.1,5.37,317.4,22.23,0,64.73,0,0,0,29.3126
12/5/2017 ,30559,770.7,1.683,212.8,20.43,0,83.3,121.9,0.3655517,29.54,22.7498
12/6/2017 ,30703,773.7,0.38,343.8,40.56,0.254,48.81,222.6,0.6678379,33.02,32.333
12/7/2017 ,30835,774.1,1.327,214.7,29.15,0,79.6,175.6,0.5267484,42.67,22.6652
12/8/2017 ,30897,774.9,0.765,232,48.57,0,93.8,0,0,0,18.8348
12/9/2017 ,31136,773.2,0.4,211.5,44.64,0.254,57.99,219.7,0.6590198,30.62,30.542
12/10/2017,31275,773,0.249,3.119,39.99,0,41.11,309.4,0.9281787,47.97,37.805
12/11/2017,31425,771.7,0.415,185.6,68.88,0,37.14,203,0.6091304,24.9,38.606
12/12/2017,31569,769.3,0.441,235,16.34,0,44.4,163.9,0.4916488,24.35,38.8418
12/13/2017,31698,765.6,0.684,72.9,34.07,0,59.73,143.3,0.4299953,34.68,31.577
12/14/2017,31759,767.9,0.847,212.1,13.18,0,90.9,0,0,0,22.4204
12/15/2017,31999,762.2,0.733,44.58,31.86,0,84,177.2,0.5315145,35.48,28.0292
12/16/2017,32049,759,0.207,122.8,43.31,0,87.8,0,0,0,25.304
12/17/2017,32191,761.8,1.699,197.7,13.29,0,94.5,0,0,0.001,22.2062
12/18/2017,32417,763.9,0.701,52,32.13,0,72.68,230.6,0.6917175,49.53,30.335
12/19/2017,32622,757.2,5.355,198.5,12.13,0,67.74,0,0,0,34.7216
12/20/2017,32653,753.1,3.584,163.8,21.86,0,64.61,0,0,0,40.991
12/21/2017,32853,762.6,1.65,157.2,29.24,0,42.6,360.6,1.081821,62.17,26.474
12/22/2017,33022,760.3,3.432,209,19.26,0,58.22,0,0,0.008,28.3388
12/23/2017,33100,759.4,1.684,228.7,47.36,0,88.4,0,0,0,27.1598
12/24/2017,33272,768,1.064,16.43,22.32,0,56.79,338.6,1.015718,54.83,16.502000000000002
12/25/2017,33470,760.9,1.345,38.98,17.1,0,94.6,0,0,0,20.2874
12/26/2017,33497,761.7,2.403,190.7,14.55,0,94.5,0,0,0,22.3412
12/27/2017,33728,763.7,0.567,6.109,22.69,0,81.9,73.92,0.2217674,13.83,25.2284
12/28/2017,33800,765.8,1.711,221.4,23.62,0,94,0,0,0.001,25.043
12/29/2017,34035,761.1,5.08,205.3,14.75,0.254,42.57,0,0,0.006,41.4482
12/30/2017,34141,758,4.601,220.2,21.36,0,62.58,387.1,1.161235,69.86,42.2816
12/31/2017,34292,766.5,0.956,18.01,34.66,0,50.52,372.1,1.116359,67.04,29.884999999999998
1/1/2018  ,34441,766.3,1.024,196.9,29.05,0,48.24,334.6,1.003768,58.58,30.5006
1/2/2018  ,34590,771.1,1.198,10.64,21.93,0,47.15,258.6,0.7758595,43.02,29.9444
1/3/2018  ,34731,765.9,0.472,343.5,53.18,0,39.77,225,0.675148,49.73,30.7184
1/4/2018  ,34879,765,0.62,9.73,29.87,0,41.38,285.2,0.8557043,45.56,38.066
1/5/2018  ,35018,766,1.047,74.29,28.81,0,40.71,320.7,0.961962,60.49,42.962
1/6/2018  ,35135,763.2,3.47,199.8,14.35,0,77.34,40.07,0.1202243,11.96,32.675
1/7/2018  ,35312,765.4,0.518,347,37.48,0,87.1,89.9,0.269624,26.81,32.5148
1/8/2018  ,35450,761,1.759,61.58,22.34,0,61.52,268.9,0.8067214,64.43,37.9526
1/9/2018  ,35641,752.7,4.372,182.5,19.19,0,87.6,0,0,0.031,39.5006
1/10/2018 ,35647,752.4,3.234,170.2,24.31,0,87.5,0,0,0.028,38.9462
1/11/2018 ,35932,758.9,4.662,207.1,16.17,0,89.2,0,0,0.014,35.3534
1/12/2018 ,36035,767.8,1.998,186.2,22.27,0,79.61,131.5,0.3944457,30.44,38.5844
1/13/2018 ,36183,770.2,0.89,263.6,43.42,0,74.5,118.8,0.356306,16.71,38.9156
1/14/2018 ,36318,769.1,0.853,339.9,48.64,0,58.41,285.9,0.8578101,48.35,41.428399999999996
1/15/2018 ,36463,767.8,2.169,41.52,24.09,0,49.25,287.4,0.8623166,45.28,40.3628
1/16/2018 ,36613,766.8,1.419,52.36,25.91,0,52.07,160.7,0.4821992,23.85,36.6098
1/17/2018 ,36749,768.2,1.184,78.07,25.06,0,55.51,343.9,1.031582,59.52,37.6844
1/18/2018 ,36929,755.6,4.392,162.2,26.61,0,57.2,0,0,0,45.541399999999996
1/19/2018 ,36945,755.1,3.719,206.9,56.08,0,62.59,0,0,0,44.6162
1/20/2018 ,37183,758.8,1.105,87.8,35.43,0,48.44,276.3,0.8290055,46.77,34.1474
1/21/2018 ,37332,763.8,1.49,187.2,27.3,0,52.26,204.3,0.612879,29.85,33.332
1/22/2018 ,37510,765.8,2.338,199.4,12.97,0,92,0,0,-0.001,27.9698
1/23/2018 ,37591,766.9,0.67,212.7,38.76,0.508,67.72,290,0.8698758,52.73,33.404
1/24/2018 ,37653,762.7,1.643,61.69,24.24,0,56.26,316.2,0.948689,71.59,35.3912
1/25/2018 ,37783,754.4,3.38,206.1,15.46,0,67.61,224.8,0.6744437,57.68,36.05
1/26/2018 ,37849,763.6,4.736,214.9,19.38,0,62.16,186.1,0.558337,23.21,32.5904
1/27/2018 ,37889,765.5,1.992,222.5,21.14,0,79.55,0,0,0,25.016
1/29/2018 ,37898,770,1.417,63.25,23.57,0,73.31,289.1,0.8674307,71.88,39.3548
1/30/2018 ,37928,756.6,7.275,212.9,18.9,0,42.07,276.6,0.8299455,44.71,47.462
1/31/2018 ,38007,761.9,1.633,180.5,23.15,0,61.37,100.9,0.30259,25.18,32.9018
2/1/2018  ,38036,766,0.979,209.8,52.25,0,60.45,309.6,0.9289086,70.29,34.9196
2/2/2018  ,38077,764.4,1.021,263.6,43.83,0,58.67,381.2,1.143605,69.12,44.6198
2/3/2018  ,38115,760.8,3.633,215.1,19.8,0,61.79,356.7,1.070147,59.67,49.226
2/5/2018  ,38158,758.4,1.836,243.1,35.23,0,39.26,338.8,1.016359,54.8,47.426
2/6/2018  ,38297,763,5.341,195.2,14.1,0,59.15,472.5,1.417544,84.1,42.152
2/7/2018  ,38452,767.5,2.089,248.2,35.49,0,61.63,64.3,0.1929088,17.68,44.070800000000006
2/8/2018  ,38594,761.5,4.238,207.5,18.14,0,53.18,61.61,0.1848175,14.99,49.316
2/9/2018  ,38706,759.2,1.385,227.1,43.39,0,56.99,403.5,1.2104,67.07,43.7072
2/10/2018 ,38884,761.2,0.799,38.4,31.41,0,29.42,215.6,0.646708,30.82,36.3146
2/11/2018 ,39013,757.3,1.865,193,21.9,0,36.01,304,0.9119294,66.64,35.4542
2/12/2018 ,39173,758.6,2.268,57.24,23.36,0,68.76,171.7,0.5151193,28.72,31.73
2/13/2018 ,39310,766.4,1.786,241,34.68,0,64.52,435.4,1.306347,70.78,33.53
2/14/2018 ,39440,758.5,6.538,217.4,24.2,0,40.12,546.7,1.64017,113.6,41.354600000000005
2/15/2018 ,39586,764.2,2.366,170.2,28.01,0,72.07,560.1,1.680427,115,33.2204
2/16/2018 ,39767,760.4,5.854,210.5,17.38,0,67.56,0,0,0,28.8194
2/17/2018 ,39797,761.5,3.953,185.3,21.32,0,78.04,0,0,0,24.4742
2/18/2018 ,39803,747.7,6.878,202.8,16.31,0,63.86,267.1,0.8011791,39.39,35.69
2/19/2018 ,39867,751.9,2.897,0.156,36.18,0,38.22,280.3,0.8409776,38.39,21.262999999999998
2/20/2018 ,40016,761.4,4.134,203.8,16.74,0,74.12,30.73,0.09220424,9.31,13.334
2/21/2018 ,40150,761.4,2.445,218.6,35.43,0,35.03,414,1.24198,61.05,27.5612
2/22/2018 ,40290,757.8,3.147,196.8,17.96,0,35.21,397.3,1.191792,77.45,31.793
2/23/2018 ,40435,760.8,2.83,204.5,20.63,0,53.13,396.7,1.190099,77.45,25.1942
2/24/2018 ,40586,756.3,4.911,203.4,16.26,0,70.13,92.3,0.2769611,27.39,24.3482
2/25/2018 ,40704,760.3,5.982,211.5,14.97,0,64.74,108,0.3241229,28.04,24.8828
2/27/2018 ,40739,759.3,2.063,172.5,28.27,0,59.66,283.6,0.8508241,88.7,28.0562
2/28/2018 ,40876,761,2.283,244,33.51,0,50.21,269.9,0.8095908,46.93,29.5322
3/1/2018  ,41048,757.2,2.992,168.2,28.09,0,68.02,0,0,0,36.1202
3/2/2018  ,41081,754.3,4.145,184.2,24.67,0,55.33,0,0,0,38.6942
3/3/2018  ,41110,756.5,0.603,34.42,44.06,0,67.36,447.5,1.342405,111.2,35.6504
3/4/2018  ,41199,758.9,4.9,179.9,26.48,0,68.4,607.9,0.914869,137,28.283
3/5/2018  ,41321,764.8,3.684,184.5,19.21,0,62.77,367.4,1.102201,74.95,31.6094
3/26/2018 ,1,762,3.108,224.3,32.52,0,42.16,719.2,2.157561,160.3,40.2836
3/27/2018 ,148,762.8,4.974,204.2,18.57,0,37.04,572.2,1.716566,123.1,47.066
3/28/2018 ,291,760.2,3.342,306.8,25.4,0,21.67,453.4,1.360166,106.8,50.486
3/29/2018 ,445,763.3,1.984,205.5,25.58,0,28.26,348.9,1.046601,57.41,49.208
3/30/2018 ,589,758.8,6.476,214.6,22.02,0,28.07,340.1,1.020411,58.01,57.92
3/31/2018 ,724,759.2,2.827,241.6,36.83,0,38.78,264.4,0.7932355,63.5,54.428000000000004
4/1/2018  ,860,755.8,5.855,222.4,27.91,0,38.95,565.1,1.695374,136,51.188
4/2/2018  ,914,751.5,7.866,199.2,12.99,0,58,0,0,0,46.0256
4/3/2018  ,1158,761.8,3.812,219.6,30.31,0,20.76,466.3,1.399047,99.1,42.7172
4/4/2018  ,1310,759.9,3.662,219.4,24.35,0,41.06,115.1,0.3452914,26.05,53.402
4/5/2018  ,1444,758.9,5.374,216.3,24.24,0,48.12,605,1.815009,129.2,56.138
4/6/2018  ,1572,757.1,3.256,180.4,25.21,0,65.29,564.1,1.692311,124,53.726
4/7/2018  ,1634,757.5,2.749,193.3,15.05,0,83.1,0,0,0.012,45.0986
4/8/2018  ,1670,757.6,3.333,225.2,35.61,0,49.16,717.8,2.153548,173.2,51.602000000000004
4/9/2018  ,1785,766.1,3.136,197,23.34,0,36.88,406.3,1.218788,74.1,53.186
4/10/2018 ,1927,760.9,2.802,204.2,22.53,0,33.47,344.7,1.034063,74.06,61.43
4/11/2018 ,2065,757.5,5.568,224.6,28.89,0,35.63,341,1.023147,80.7,55.094
4/12/2018 ,2117,752.4,3.642,197.3,13.17,0,51.19,0,0,0,50.54
4/13/2018 ,2327,766.9,1.67,353.8,42.26,0,23.31,197.5,0.5925314,28.49,47.641999999999996
4/14/2018 ,2468,765,2.792,172.2,25.46,0,66.25,220.6,0.6618772,41.96,47.678000000000004
4/15/2018 ,2562,757.9,3.467,191.7,23.27,0,32.63,626.3,1.878846,137.8,61.196
4/16/2018 ,2637,751.7,4.238,207.9,15.94,0,26.99,377.2,1.131564,85,57.47
4/17/2018 ,2769,760.9,2.069,250.8,45.66,0,24.91,735.7,2.207039,175.4,45.9752
4/18/2018 ,2895,763.2,2.563,185.5,36.05,0,22.02,465.2,1.395672,98.1,52.556
4/19/2018 ,2997,757.9,2.793,35.21,36.87,0,18.91,496,1.488145,112.9,62.078
4/20/2018 ,3081,760.5,3.489,332.4,31.57,0,20.2,650.2,1.950592,150.6,66.002
4/21/2018 ,3213,762.4,3.159,192.2,30.49,0,24.88,303.4,0.9100888,50.64,68.09
4/22/2018 ,3311,760.6,3.637,218.7,35.09,0,20.71,658.4,1.97523,146.1,70.988
4/23/2018 ,3359,761.5,0.855,269.8,43.69,0.254,79.77,0,0,0,49.442
4/24/2018 ,3503,767.9,0.986,252.8,85.4,0,25.84,438.3,1.314776,82.4,60.458
4/25/2018 ,3626,762.9,2.581,227.1,35.06,0,22.07,288.7,0.866018,46.23,65.066
4/26/2018 ,3722,764.1,1.207,0.24,45.26,0,9.09,418.4,1.255309,73.92,72.69800000000001
4/27/2018 ,3828,757.4,1.462,253.5,47.56,0,11.94,382,1.145868,54.1,78.908
4/27/2018 ,3829,757.4,1.372,203.9,36.91,0,11.86,322.7,0.9679692,44.81,78.908
4/28/2018 ,3910,754.4,3.997,230.2,30.6,0,24.99,687.9,2.063785,158.3,70.124
4/29/2018 ,4004,755.7,4.109,227.7,27.71,0,34.84,532.8,1.598272,101.8,55.76
4/30/2018 ,4045,756.6,3.271,185.3,19.96,0,62.27,0,0,0,44.0726
5/1/2018  ,4095,757.2,1.342,312.7,41.81,0,57.45,374.2,1.12265,56.86,50.738
5/2/2018  ,4163,757.7,1.872,355,45.37,0,24.1,427.6,1.282799,74.24,62.275999999999996
5/3/2018  ,4309,763.6,2.139,249.1,50.55,0,24.28,339.1,1.017435,56.12,65.94800000000001
5/4/2018  ,4450,765.3,2.569,210.6,25.71,0,22.52,511.2,1.533563,87.5,71.258
5/5/2018  ,4567,763.3,2.342,223.5,36.69,0,18.99,467.2,1.401597,93.2,75.218
5/6/2018  ,4627,761.2,2.198,160.8,33.74,0,17.15,853,2.55873,199,81.28399999999999
5/7/2018  ,4721,761.8,3.155,233.4,37.65,0,19.99,670.4,2.011216,139.7,74.714
5/8/2018  ,4870,762.8,1.898,189.9,26.69,0,24.48,491,1.472888,96.2,75.05600000000001
5/9/2018  ,5015,758.1,5.359,205.2,22.61,0,25.74,468.9,1.406729,89.5,75.686
5/10/2018 ,5149,756.7,4.346,200.7,24.18,0,22.39,740.3,2.220888,170.8,70.03399999999999
5/11/2018 ,5285,756.9,0.829,276.9,49.42,0,61.76,276.1,0.8281764,64.31,51.296
5/12/2018 ,5421,756.1,4.613,52.04,26.2,0,57.81,926,2.779099,231.5,59.198
5/13/2018 ,5593,761.8,0.869,161.8,81.2,0,35.37,404.7,1.214147,78.08,64.31
5/14/2018 ,5725,761.8,1.549,7.412,50.26,0,18.99,741.5,2.224544,179,71.618
5/15/2018 ,5858,761.6,1.612,319.2,59.39,0,29.48,824,2.47066,213.1,72.86
5/16/2018 ,6011,760,3.054,217.2,25.69,0,35.23,684.3,2.052846,167.3,71.402
5/17/2018 ,6156,757.7,1.992,259.1,41.03,0,30.23,712.5,2.137502,163.3,71.744
5/18/2018 ,6297,758.8,1.612,324.2,62.44,0,30.66,635.9,1.907765,159.8,70.34
5/19/2018 ,6441,761.1,1.895,249.5,41.53,0,35.93,859,2.577396,211.7,69.152
5/19/2018 ,6445,760.9,2.558,200.3,37.33,0,35.47,742.6,2.227659,170.1,69.152
5/20/2018 ,6589,758.8,1.598,268.2,48.72,0,25.69,808,2.423542,180.4,76.712
5/21/2018 ,6740,758.9,2.266,224.3,41.2,0,28.41,628.5,1.885587,124.6,74.588
5/21/2018 ,6742,758.9,2.466,220.7,34.15,0,27.88,541.6,1.624698,104.9,74.588
5/22/2018 ,6862,758.9,1.193,59.61,42.81,0,27.85,912,2.734639,213.6,77.486
5/23/2018 ,7023,760,1.904,21.93,31.73,0,76.68,221.8,0.6654652,54.07,58.874
5/24/2018 ,7167,762.5,4.267,216,24.49,0,40.96,784.5,2.353412,172.1,73.75999999999999
5/25/2018 ,7310,759.3,1.483,340.8,60.99,0,27.31,736.7,2.20995,169.6,83.57
5/26/2018 ,7470,757,1.622,276.6,37.29,0,22.98,332,0.9960713,52.92,76.892
5/27/2018 ,7588,760,2.906,71.27,28.51,0,21.23,94.9,0.2847657,22.91,71.438
5/28/2018 ,7748,760,1.859,249.8,36.69,0,36.87,550.8,1.652439,112.3,73.508
5/29/2018 ,7895,759.6,2.575,190.3,21.62,0,40.26,516,1.548037,104.1,73.418
5/30/2018 ,8005,758,1.132,317,53.75,0,43.76,595.2,1.785681,150.6,72.986
5/31/2018 ,8149,756.6,1.052,205.8,30.19,0,44.99,687.8,2.063293,165.9,69.188
6/1/2018  ,8334,764.1,4.784,212.9,22.57,0,41.55,329.5,0.9886419,49.98,59.702
6/2/2018  ,8461,767.9,0.99,125,42.98,0,21.5,757.9,2.273715,181.1,71.168
6/3/2018  ,8613,762,1.669,255.6,41.31,0,21.82,579,1.73696,123.9,79.124
6/4/2018  ,8764,758.4,2.137,221,34.06,0,27.4,373.2,1.11965,66.5,83.876
6/5/2018  ,8892,759.9,4.841,196.4,21.12,0,30.18,723.2,2.169501,167.2,77.45
6/6/2018  ,9057,757.2,0.562,181.5,54.08,0,20.94,294.8,0.8842868,41.22,84.956
6/7/2018  ,9192,758.3,3.317,238.2,32.28,0,22.15,588.1,1.76431,107.6,84.47
6/8/2018  ,9323,762.3,1.871,181.3,31.04,0,26.07,780.8,2.342416,189.5,80.852
6/9/2018  ,9479,754.5,3.086,201.2,36.19,0,18.63,519.5,1.558464,102.6,85.676
6/10/2018 ,9517,754,7.619,204.7,16.48,0,43.57,0,0,0,63.64399999999999
6/11/2018 ,9760,760.7,7.106,221.7,24.32,0,27.42,747.7,2.243045,167.7,65.642
6/12/2018 ,9919,763,1.933,197.9,29.63,0,9.64,323.5,0.9705548,50.55,72.464
6/13/2018 ,10058,757.2,3.6,213.9,20,0,16.95,448,1.344028,85.3,86.036
6/14/2018 ,10172,758.2,6.667,194.1,17.73,0,36.55,827,2.479641,196.3,72.446
6/15/2018 ,10342,757.5,1.69,141.6,24.16,0,52.47,210.4,0.6313106,42.81,63.392
6/16/2018 ,10492,757,0.915,128,44.55,0,21.87,391.2,1.173616,71.27,71.258
6/17/2018 ,10593,757.1,2.997,54.37,28.86,0,60.19,578.7,1.736074,142.2,66.344
6/18/2018 ,10778,762.2,2.039,165,32.67,0,46.04,486.6,1.459722,85.5,63.968
6/19/2018 ,10906,763.8,2.298,225,34.6,0,44.9,879,2.636383,210.1,68.828
6/20/2018 ,11055,764.7,2.065,243.7,38.91,0,41,826,2.477082,190.9,75.326
6/21/2018 ,11195,761.2,6.014,199.4,18.98,0,41.35,805,2.414307,200.8,77.018
6/22/2018 ,11348,761.1,4.892,195.1,19.08,0,31.82,662,1.98599,145.2,76.00999999999999
6/23/2018 ,11467,759.8,1.035,314.5,56.58,0,31.16,457.3,1.371795,112.9,72.266
6/24/2018 ,11638,763.9,1.559,222.8,39.82,0,32.43,557.2,1.671661,125.1,73.85
6/25/2018 ,11791,759.9,2.041,168.6,26.97,0,26.49,357.6,1.072949,57.67,84.38000000000001
6/26/2018 ,11929,761,4.424,188,24.54,0,29.82,479.3,1.437951,97.2,78.926
6/27/2018 ,12076,759.2,1.759,164.5,33.16,0,24.08,395.4,1.186226,70.8,85.208
6/28/2018 ,12214,756.3,4.463,224.1,26.59,0,23.44,665.1,1.995422,121.1,81.95
6/29/2018 ,12341,761.7,2.15,206.6,29.19,0,35.19,1015,3.04579,244.7,67.082
6/30/2018 ,12507,763.8,2.437,184.6,27.6,0,36.82,422.8,1.268456,83.5,70.214
7/1/2018  ,12628,762.4,5.515,204,21.01,0,33.62,953,2.85892,243.4,77.072
7/1/2018  ,12632,762.3,6.288,218.4,21.88,0,29.16,940,2.819709,235.5,77.072
7/2/2018  ,12779,759.6,6.392,202,15.62,0,31.48,787.1,2.361385,204.6,76.532
8/20/2019 ,12837,761.9,2.14,275.4,31.59,0,11.43,418.3,1.254868,73.51,92.57
8/21/2019 ,12971,760.4,2.226,214.6,39.6,0,10.78,608.3,1.825005,124.7,92.696
8/22/2019 ,13121,758.7,3.925,194.6,20.95,0,39.25,595.7,1.787078,115.1,73.688
8/23/2019 ,13271,760.6,2.096,203,32.41,0,28.68,307.4,0.9223363,55.56,77.792
8/24/2019 ,13412,759.3,4.134,185.9,24.43,0,21.05,369.7,1.109084,72.01,84.956
8/25/2019 ,13546,759.1,5.774,215,21.2,0,18.22,636.4,1.909232,148.3,81.896
8/26/2019 ,13702,763.9,1.785,165.5,28.76,0,21.07,340.1,1.020419,61.13,74.624
8/27/2019 ,13849,763.8,1.813,178.5,29.75,0,19.19,254.6,0.7639135,40.17,79.79
8/28/2019 ,13987,761.7,3.364,197.7,25.14,0,15.18,419,1.257074,79.74,87.044
8/28/2019 ,13988,761.7,2.885,184.1,28.33,0,13.54,389.4,1.168142,71.78,87.044
8/29/2019 ,14118,762.2,2.043,190.5,31.64,0,15.36,519.4,1.558097,117.6,89.978
8/30/2019 ,14265,762.3,1.762,188.5,27.47,0,26.76,454.1,1.362394,103.1,85.784
8/31/2019 ,14423,762.6,2.371,177.3,26.97,0,17.41,290.1,0.8701891,47.64,85.46000000000001
9/1/2019  ,14565,761.7,2.438,174,28.23,0,13.87,342,1.026059,59.72,91.68799999999999
9/2/2019  ,14699,762.5,6.158,198.6,14.95,0,15.07,581.6,1.74481,128.8,88.07
9/2/2019  ,14700,762.4,6.323,202.7,16.67,0,15.53,558.2,1.67471,121.6,88.07
9/3/2019  ,14831,764.5,2.856,188.8,30.67,0,17.18,749.4,2.248276,178.6,88.35799999999999
9/4/2019  ,14986,762.7,2.643,193.1,24.28,0,18.49,589.6,1.768877,132.2,90.482
9/4/2019  ,14991,762.4,2.882,186,25.31,0,16.81,478.4,1.435121,97.5,90.482
9/5/2019  ,15135,764.6,1.681,223.1,30.43,0,19.13,513.3,1.539827,99.3,91.184
9/6/2019  ,15179,764.7,4.114,136.2,22.02,0,36.65,0,0,-0.001,75.596
9/7/2019  ,15426,762.3,1.256,230.2,36.91,0,31.99,341.6,1.024707,66.73,76.838
9/8/2019  ,15560,756.9,0.712,18.62,39.87,0,69.05,126,0.3779921,30.62,62.492000000000004
9/9/2019  ,15715,759.4,4.056,208.7,19.66,0,34.78,260,0.7800367,56.65,66.83
9/10/2019 ,15856,758.4,0.649,47.71,43.25,0,46.02,417.9,1.253758,73.41,67.64
9/11/2019 ,15990,762.7,3.604,194,22.95,0,62.94,578.2,1.734712,117,59.251999999999995
9/12/2019 ,16141,767.7,1.646,221.9,35.35,0,40.33,461.5,1.384635,97.6,66.128
9/12/2019 ,16149,767.4,1.495,199.9,42.68,0,40.28,281.5,0.8443562,47.36,66.128
9/13/2019 ,16289,764.1,2.892,202.5,23.01,0,29.94,365.6,1.096899,67.66,73.02199999999999
9/14/2019 ,16436,762.1,3.628,197.5,19.31,0,21.31,313.4,0.9400635,49.15,80.042
9/15/2019 ,16575,758.2,3.523,232.5,28.11,0,17.73,431.4,1.29426,77.43,84.614
9/16/2019 ,16711,755.5,4.353,210,20.16,0,27.31,608.6,1.825938,126.8,80.6
9/17/2019 ,16762,755.7,7.647,194.7,18.26,0,51.25,0,0,-0.001,60.565999999999995
9/18/2019 ,17002,758.1,3.649,213.7,21.42,0,19.91,526.2,1.578641,111.8,73.112
9/19/2019 ,17158,757.2,3.415,232.9,27.74,0,31.63,281.6,0.8446984,36.91,66.74000000000001
9/20/2019 ,17195,759.6,1.225,163.6,30.6,0,73.68,0,0,0,48.542
9/21/2019 ,17438,763.1,2.687,233.5,35.15,0,52.69,261.6,0.7846654,65.68,57.56
9/22/2019 ,17592,762.2,0.947,207.5,55.45,0,35.15,150.7,0.4520817,21.32,66.506
9/23/2019 ,17732,763.3,3.4,182.4,23.87,0,35.81,249.6,0.7489191,39.77,69.98
9/24/2019 ,17876,762.2,3.798,189.8,21.72,0,41.01,242.6,0.7279308,38.58,70.358
9/25/2019 ,18012,762.8,2,198.4,26.3,0,33.53,444,1.331975,87.7,69.512
9/26/2019 ,18165,755.6,5.741,206.5,17.69,0,23.65,186.2,0.558571,31.11,68.99000000000001
9/27/2019 ,18306,756.1,3.354,188.3,24.89,0,40.89,345.3,1.035969,55.47,63.158
9/28/2019 ,18349,753.8,1.168,113.7,22.31,0,49.16,0,0,0,51.8
9/29/2019 ,18496,751.9,3.256,161,25.43,0,83.4,0,0,0.006,45.528800000000004
9/30/2019 ,18729,760,1.51,263.6,52.62,0,50.6,447.3,1.341852,97.4,49.064
10/1/2019 ,18875,760,1.825,224.2,41.94,0,34.71,409.5,1.228608,85,52.772
10/2/2019 ,19025,765,3.052,180.2,25.86,0,42.5,266,0.7979403,48.96,48.632
10/3/2019 ,19167,759.8,0.637,344.5,66.2,0,27.75,294.5,0.8836446,54.68,65.264
10/4/2019 ,19309,761,5.82,208.3,20.52,0,57.31,349.6,1.048687,57.97,48.038
10/5/2019 ,19463,766,0.945,277.9,26.24,0,47.47,153.5,0.4605629,17.53,49.586
10/6/2019 ,19598,769.8,1.971,205.7,28.13,0,35.64,343.5,1.030613,61.89,53.402
10/7/2019 ,19743,763.2,3.213,234.7,31.54,0,23.37,320.4,0.961099,54.6,61.034
10/8/2019 ,19885,755.6,6.282,207.8,18.12,0,22.29,376.9,1.130698,65.55,65.3
10/9/2019 ,19930,752.9,2.775,161.5,25.51,0,39.69,0,0,0,53.186
10/10/2019,20181,768.1,1.863,313.4,38.22,0,29.97,153.7,0.4610011,20.75,34.5398
10/11/2019,20315,768.2,1.851,254.3,51.43,0,27.57,395.3,1.185764,67.16,44.1698
10/12/2019,20460,762.4,2.137,251.8,35.37,0,16.42,365.9,1.097633,62.14,54.752
10/13/2019,20602,759.4,1.906,230.4,35.42,0,14.58,372.2,1.11653,66.49,62.168
10/14/2019,20748,760.3,3.784,233,30.74,0,22.59,339.2,1.017687,57,62.257999999999996
10/15/2019,20892,765.4,2.783,216.1,28.39,0,23.87,356.2,1.068635,59.76,62.186
10/16/2019,21036,761.2,3.315,211.9,22.98,0,14.33,289,0.866973,50.01,70.61
10/17/2019,21169,753.6,3.196,214.4,26.06,0,27.04,508.3,1.524988,96.6,62.402
10/18/2019,21329,757.8,5.402,222.6,25.09,0,35.79,282.9,0.8488166,30.63,50.647999999999996
10/19/2019,21438,756.5,4.145,179.7,25.55,0,60.76,66.6,0.1998035,16.06,42.6524
10/20/2019,21608,761.9,4.897,206.8,17.77,0,51.83,432.1,1.2962,76.91,43.331
10/21/2019,21763,764.8,2.188,294.6,34.33,0,31.55,141.1,0.4233683,18.1,50.396
10/22/2019,21906,762.6,4.661,211.7,19.06,0,50.65,170.1,0.5103959,24.25,55.94
10/23/2019,22043,766.7,2.648,47.5,26.83,0,27.14,442.9,1.328665,48.84,48.02
10/24/2019,22190,769.7,3.783,197.4,13.52,0,34.81,282.4,0.8472303,42.63,46.58
10/25/2019,22335,764.7,2.793,231.8,31.17,0,23.38,222.2,0.6665969,33.36,56.876
10/26/2019,22420,756.7,2.931,209,15.57,0,47.9,0,0,-0.001,40.0496
10/27/2019,22614,764.1,3.016,5.636,40.75,0,24.15,411.5,1.234378,74.39,30.8354
10/28/2019,22759,759.4,3.345,210.8,32.35,0,45.29,242.1,0.7263128,48.83,26.997799999999998
10/29/2019,22912,764.5,2.664,3.522,40.34,0,26.43,188.4,0.5651619,29.61,26.015
10/30/2019,23056,770.5,3.042,213.5,16.96,0,48.29,184.5,0.553543,28.25,25.1348
10/31/2019,23204,767.5,1.472,46.01,23.66,0,42.21,41.86,0.1255799,10.14,27.4568
11/1/2019 ,23341,770.6,0.675,208,65.28,0,32.8,249.1,0.7474386,38.52,41.612
11/2/2019 ,23487,767.2,1.098,272.1,26.58,0,30.96,177.4,0.5321866,27.86,43.5146
11/3/2019 ,23625,763.3,1.303,232.3,39.37,0,32.66,289.1,0.8672234,52.33,44.5028
11/4/2019 ,23768,764,3.94,208.2,20.19,0,34.92,370.6,1.111846,61.4,51.098
11/5/2019 ,23909,765.2,2.079,219.8,34.88,0,36.14,380.3,1.14084,68.84,53.348
11/6/2019 ,24058,764.6,0.695,36.31,42.62,0,29.61,288.3,0.8650413,46.34,56.876
11/7/2019 ,24199,767.7,2.015,241.8,34.9,0,34.72,340,1.019906,58.21,50.629999999999995
11/8/2019 ,24344,768.7,1.659,240.6,40.17,0,28.49,315.5,0.9465719,53.26,55.58
11/9/2019 ,24494,764.9,0.963,304.4,47.07,0,30.02,198,0.5938659,26.64,55.4
11/10/2019,24634,761.8,3.767,213.3,20.91,0,39.04,159.5,0.4785646,34.53,49.046
11/11/2019,24775,769.7,0.704,93.4,59.11,0,15.51,332.6,0.9978792,53.35,46.525999999999996
11/12/2019,24907,765.2,0.975,274,37.14,0,34.51,439.5,1.318627,83,45.4928
11/13/2019,25062,763.3,2.03,202.6,33.48,0,39.6,328.6,0.9857587,55.19,50.396
11/14/2019,25201,765.1,0.713,305.4,64.59,0,38.56,375.6,1.1268,67.61,55.418
11/15/2019,25352,762.9,3.203,219.2,21.72,0,35.73,186.8,0.5603677,40.48,54.41
11/16/2019,25505,766.2,0.796,298,40.26,0,27.79,118,0.3540082,14.4,51.098
11/17/2019,25617,768,3.315,204.3,20.27,0,49.41,390.9,1.172582,67.95,43.651399999999995
11/18/2019,25777,762.9,2.07,228.6,33.33,0,43.51,328.2,0.9846085,61.89,50.126
11/19/2019,25935,753,3.154,188,21.35,0,44.67,47.06,0.1411714,10.01,50.629999999999995
11/20/2019,26058,755.2,5.507,21.12,30.45,0,38.65,261,0.7829869,59.98,43.6352
11/21/2019,26215,759.7,0.59,225.4,83.2,0,39.45,314.6,0.9437408,49.03,48.416
11/22/2019,26331,765.5,0.611,7.636,24.22,0,74.05,108.7,0.3259638,26.16,30.5204
